id_mpio_postal;zona_postal;codigo_postal;id_mpio
1;6875;687519;68615
2;7070;707030;70204
3;540;54018;5674
4;4460;446007;44090
5;1534;153420;15621
6;4740;474048;47545
7;2534;253427;25592
8;550;55030;5002
9;1510;151007;15753
10;5040;504068;50711
11;7340;734007;73449
12;514;51437;5264
13;1910;191077;19142
14;5030;503008;50577
15;500;50032;5001
16;570;57067;5138
17;8800;880007;88001
18;2315;231520;23672
19;5285;528538;52835
20;4180;418049;41359
21;5040;504027;50287
22;4140;414040;41013
23;7335;733508;73200
24;5245;524587;52317
25;1113;111321;11001
26;5470;547018;54670
27;7300;730002;73001
28;1514;151407;15180
29;6825;682548;68264
30;2000;200009;20001
31;514;51430;5264
32;7600;760036;76001
33;1310;131077;13442
34;1910;191088;19142
35;2536;253627;25491
36;820;82020;8078
37;560;56040;5145
38;2740;274017;27361
39;5010;501001;50110
40;5275;527529;52250
41;564;56417;5209
42;2526;252610;25797
43;5255;525550;52720
44;4100;410003;41001
45;5000;500004;50001
46;1538;153880;15638
47;5275;527520;52250
48;1552;155218;15572
49;544;54438;5660
50;1720;172001;17653
51;8550;855030;85440
52;4400;440007;44001
53;9700;970009;97001
54;5450;545077;54418
55;1800;180017;18001
56;6835;683531;68209
57;7050;705070;70670
58;1935;193588;19256
59;510;51037;5308
60;6610;661007;66170
61;550;55068;5390
62;5240;524038;52560
63;6600;660004;66001
64;5400;540004;54001
65;810;81007;8573
66;7040;704050;70400
67;2010;201057;20175
68;8500;850001;85001
69;5220;522068;52260
70;1300;130015;13001
71;6855;685517;68397
72;1325;132527;13430
73;6870;687038;68081
74;2010;201038;20250
75;1524;152429;15047
76;2524;252417;25612
77;7020;702037;70110
78;4180;418047;41359
79;568;56847;5125
80;7355;735538;73675
81;6830;683019;68500
82;800;80006;8001
83;2010;201048;20032
84;1102;110231;11001
85;550;55020;5400
86;2730;273077;27660
87;1532;153207;15798
88;2030;203067;20228
89;2528;252848;25815
90;1520;152001;15464
91;4460;446009;44090
92;6340;634001;63272
93;1940;194028;19397
94;4120;412020;41676
95;538;53838;5667
96;6800;680001;68001
97;1512;151201;15673
98;5250;525068;52435
99;558;55840;5030
100;8550;855039;85440
101;8520;852058;85263
102;4170;417038;41551
103;9710;971007;97889
104;5030;503007;50577
105;2720;272017;27050
106;1506;150617;15092
107;9730;973008;97161
108;2760;276078;27025
109;8560;856017;85010
110;520;52050;5819
111;7335;733578;73671
112;570;57040;5306
113;1700;170003;17001
114;6820;682061;68160
115;548;54848;5483
116;4140;414027;41298
117;7620;762037;76845
118;5455;545557;54109
119;1512;151287;15244
120;1544;154407;15816
121;5470;547010;54670
122;830;83027;8433
123;2534;253460;25148
124;2050;205008;20295
125;6855;685501;68720
126;2330;233049;23555
127;6820;682031;68468
128;6835;683528;68533
129;2528;252847;25815
130;4760;476020;47161
131;5400;540003;54001
132;2720;272020;27160
133;1760;176001;17873
134;2506;250601;25407
135;6840;684051;68296
136;2512;251267;25839
137;7305;730588;73861
138;8530;853059;85230
139;1340;134077;13458
140;7625;762520;76895
141;1109;110931;11001
142;4160;416048;41319
143;4780;478007;47189
144;4440;444008;44098
145;2320;232039;23670
146;2050;205010;20011
147;1340;134040;13810
148;1536;153667;15646
149;6330;633027;63401
150;2512;251227;25372
151;1532;153287;15172
152;7305;730568;73686
153;1105;110511;11001
154;570;57030;5113
155;5060;506027;50270
156;514;51448;5761
157;2305;230520;23686
158;7315;731501;73870
159;6825;682538;68217
160;5250;525038;52612
161;2516;251628;25181
162;1534;153450;15879
163;1315;131547;13140
164;1955;195539;19075
165;8610;861040;86219
166;6805;680507;68780
167;6320;632008;63130
168;2720;272050;27600
169;9130;913057;91530
170;1915;191528;19455
171;4160;416001;41791
172;6850;685041;68773
173;6850;685048;68773
174;7300;730018;73001
175;1550;155047;15681
176;6600;660007;66001
177;510;51030;5308
178;5250;525030;52612
179;2010;201058;20175
180;1905;190509;19130
181;840;84047;8137
182;9150;915010;91669
183;5270;527007;52540
184;7350;735058;73067
185;1108;110841;11001
186;5275;527580;52473
187;2500;250051;25754
188;1700;170008;17001
189;7060;706037;70523
190;5270;527060;52405
191;1548;154827;15442
192;8140;814057;81300
193;7000;700001;70001
194;7020;702057;70235
195;8150;815017;81736
196;7335;733558;73319
197;6805;680547;68820
198;1111;111161;11001
199;6830;683037;68298
200;5265;526520;52418
201;2780;278037;27800
202;4430;443027;44378
203;1310;131040;13433
204;570;57050;5042
205;548;54828;5756
206;2508;250818;25873
207;2325;232557;23660
208;534;53467;5425
209;1506;150610;15092
210;9900;990001;99001
211;574;57457;5284
212;7645;764503;76109
213;1760;176007;17873
214;1915;191501;19573
215;1940;194007;19392
216;6865;686537;68689
217;2000;200002;20001
218;564;56438;5792
219;4130;413008;41615
220;578;57857;5147
221;5210;521060;52203
222;800;80011;8001
223;2300;230017;23001
224;5470;547050;54206
225;1528;152847;15425
226;578;57837;5665
227;5245;524527;52585
228;1320;132047;13894
229;6870;687039;68081
230;2530;253047;25040
231;5400;540007;54001
232;1840;184010;18756
233;5260;526027;52565
234;820;82040;8558
235;500;50040;5001
236;9920;992009;99524
237;6860;686029;68385
238;9420;942057;94885
239;2536;253620;25491
240;2340;234010;23682
241;2530;253040;25040
242;1504;150487;15693
243;1540;154001;15407
244;810;81028;8832
245;550;55057;5679
246;850;85001;8638
247;2520;252008;25053
248;1112;111221;11001
249;4400;440003;44001
250;4440;444010;44279
251;2335;233501;23350
252;1920;192027;19364
253;4410;441048;44847
254;1310;131028;13052
255;5205;520530;52258
256;4440;444037;44650
257;800;80016;8001
258;568;56860;5093
259;4430;443007;44035
260;5235;523540;52573
261;1550;155060;15507
262;1960;196038;19809
263;9440;944058;94663
264;9440;944018;94343
265;5260;526001;52036
266;4440;444030;44650
267;514;51417;5658
268;4720;472007;47053
269;7345;734540;73236
270;7600;760011;76001
271;7050;705077;70670
272;6835;683571;68344
273;1522;152211;15759
274;2020;202037;20750
275;518;51860;5686
276;4460;446008;44090
277;7315;731580;73520
278;7020;702070;70742
279;6840;684021;68872
280;2522;252212;25290
281;7320;732028;73443
282;1512;151240;15248
283;528;52850;5040
284;4750;475008;47660
285;7630;763001;76113
286;2502;250257;25899
287;4720;472028;47288
288;5430;543037;54520
289;5280;528008;52427
290;2010;201037;20250
291;5420;542017;54347
292;9110;911018;91540
293;1940;194037;19397
294;5200;520004;52001
295;2050;205017;20011
296;1502;150267;15814
297;1925;192579;19824
298;2305;230507;23300
299;570;57028;5628
300;7325;732508;73124
301;6610;661048;66440
302;4750;475007;47660
303;9430;943018;94887
304;7630;763038;76670
305;2325;232537;23189
306;7050;705018;70702
307;538;53830;5667
308;5060;506068;50400
309;6310;631028;63690
310;6340;634008;63272
311;1935;193507;19760
312;1770;177060;17616
313;574;57458;5284
314;4780;478020;47980
315;2345;234538;23855
316;2720;272048;27135
317;8640;864007;86573
318;530;53010;5885
319;810;81001;8573
320;7605;760507;76892
321;7040;704018;70124
322;7625;762501;76497
323;2500;250020;25286
324;564;56470;5642
325;6810;681002;68276
326;4430;443049;44078
327;518;51857;5237
328;8510;851070;85225
329;820;82001;8296
330;2000;200008;20001
331;574;57440;5842
332;540;54057;5318
333;5250;525001;52227
334;6835;683587;68522
335;840;84040;8137
336;1119;111961;11001
337;5265;526560;52233
338;7320;732040;73349
339;1905;190517;19130
340;534;53420;5579
341;4440;444057;44110
342;1506;150680;15537
343;6865;686531;68689
344;5260;526007;52036
345;2340;234007;23466
346;4130;413067;41349
347;558;55837;5036
348;9910;991057;99773
349;7030;703058;70429
350;5040;504067;50711
351;528;52848;5031
352;2740;274050;27745
353;8560;856030;85015
354;8530;853038;85325
355;8610;861007;86755
356;2512;251208;25377
357;550;55050;5679
358;5250;525037;52612
359;1905;190547;19548
360;6825;682527;68502
361;510;51020;5079
362;1710;171020;17272
363;5050;505008;50330
364;9720;972047;97666
365;1502;150220;15500
366;5070;507019;50680
367;2040;204067;20383
368;9130;913050;91530
369;1506;150640;15087
370;1935;193550;19622
371;1538;153847;15808
372;6600;660001;66001
373;9400;940001;94001
374;540;54038;5148
375;7615;761501;76246
376;6820;682001;68669
377;9730;973048;97777
378;514;51427;5086
379;7030;703038;70771
380;4780;478001;47189
381;6830;683049;68770
382;7600;760009;76001
383;5400;540008;54001
384;1930;193001;19585
385;2538;253840;25885
386;568;56838;5847
387;2520;252040;25120
388;5410;541057;54599
389;9440;944057;94663
390;2760;276018;27372
391;7300;730006;73001
392;510;51054;5088
393;5265;526567;52233
394;5275;527589;52473
395;2760;276030;27075
396;2538;253847;25885
397;2504;250407;25200
398;4180;418077;41668
399;4180;418067;41668
400;1720;172027;17013
401;4700;470009;47001
402;1940;194080;19022
403;6860;686058;68190
404;2506;250630;25779
405;7335;733547;73319
406;1740;174008;17662
407;8510;851030;85315
408;1504;150462;15238
409;6855;685507;68720
410;7620;762017;76041
411;1518;151801;15550
412;6320;632060;63548
413;6830;683061;68245
414;4730;473029;47318
415;4150;415008;41797
416;1109;110911;11001
417;5220;522048;52381
418;2522;252247;25743
419;5250;525069;52435
420;5000;500003;50001
421;4130;413001;41615
422;5070;507008;50006
423;1552;155219;15572
424;4750;475057;47798
425;5255;525529;52838
426;7030;703070;70265
427;6855;685561;68861
428;2310;231048;23417
429;1320;132057;13244
430;1542;154269;15469
431;4160;416067;41396
432;2510;251020;25295
433;544;54428;5649
434;1530;153020;15022
435;6855;685518;68397
436;560;56027;5789
437;6610;661001;66170
438;6815;681531;68425
439;7615;761528;76823
440;540;54058;5318
441;6840;684069;68895
442;1552;155201;15572
443;1506;150660;15839
444;6300;630004;63001
445;7600;760001;76001
446;1544;154448;15686
447;1860;186037;18029
448;2502;250220;25769
449;9920;992001;99524
450;548;54817;5652
451;8560;856019;85010
452;2502;250251;25899
453;8610;861027;86749
454;5270;527067;52405
455;2345;234517;23807
456;6810;681003;68276
457;1524;152447;15822
458;528;52810;5736
459;5210;521048;52693
460;6875;687587;68406
461;6820;682009;68669
462;7300;730001;73001
463;1730;173020;17433
464;5210;521080;52083
465;7600;760024;76001
466;7630;763037;76670
467;510;51038;5308
468;8510;851077;85225
469;7355;735567;73168
470;2350;235020;23419
471;7010;701038;70508
472;2050;205078;20710
473;1935;193589;19256
474;2534;253440;25320
475;4180;418007;41503
476;1350;135027;13744
477;2330;233048;23555
478;1512;151267;15522
479;2506;250637;25779
480;6855;685567;68861
481;4100;410007;41001
482;2504;250418;25793
483;7050;705050;70233
484;2540;254007;25513
485;8540;854037;85410
486;6850;685007;68101
487;1111;111121;11001
488;4780;478067;47268
489;2518;251810;25845
490;5070;507051;50318
491;1910;191048;19698
492;2504;250450;25224
493;2345;234539;23855
494;7070;707010;70713
495;1548;154860;15212
496;2510;251038;25486
497;2536;253660;25777
498;568;56850;5044
499;7605;760557;76869
500;5020;502008;50573
501;2760;276038;27075
502;1300;130011;13001
503;6835;683541;68524
504;9910;991059;99773
505;2534;253437;25851
506;7635;763517;76306
507;5205;520537;52258
508;1305;130510;13222
509;9510;951008;95025
510;8540;854017;85139
511;8550;855050;85300
512;1810;181037;18256
513;2750;275038;27077
514;1950;195008;19100
515;554;55430;5607
516;564;56427;5861
517;7355;735569;73168
518;6825;682578;68855
519;820;82007;8296
520;1506;150647;15087
521;2528;252801;25580
522;5230;523007;52885
523;568;56837;5847
524;9510;951007;95025
525;554;55440;5129
526;6855;685551;68179
527;6815;681521;68152
528;850;85040;8606
529;1330;133040;13300
530;1524;152468;15542
531;6870;687061;68575
532;4760;476067;47170
533;4170;417039;41551
534;2305;230558;23162
535;9150;915019;91669
536;5220;522067;52260
537;7010;701057;70418
538;558;55867;5059
539;1305;130528;13683
540;1335;133537;13667
541;5200;520003;52001
542;5225;522520;52683
543;2536;253607;25658
544;1107;110721;11001
545;1548;154847;15109
546;5240;524039;52560
547;5210;521001;52685
548;2770;277010;27615
549;5205;520577;52051
550;7000;700003;70001
551;1720;172048;17513
552;6810;681027;68547
553;1538;153867;15776
554;7335;733517;73275
555;5205;520509;52110
556;9520;952001;95200
557;6830;683031;68298
558;5480;548017;54810
559;1504;150469;15238
560;5070;507048;50150
561;568;56818;5475
562;1700;170001;17001
563;2536;253601;25658
564;2532;253227;25095
565;1905;190567;19473
566;5010;501028;50226
567;578;57840;5045
568;550;55027;5400
569;5060;506047;50251
570;5215;521548;52687
571;1940;194068;19785
572;524;52448;5895
573;7625;762530;76736
574;4140;414020;41298
575;8540;854018;85139
576;6875;687578;68406
577;7335;733527;73268
578;5275;527508;52696
579;1920;192008;19821
580;520;52079;5361
581;5410;541017;54405
582;2506;250607;25407
583;1538;153827;15676
584;2730;273058;27491
585;1104;110441;11001
586;1800;180002;18001
587;6830;683028;68500
588;820;82027;8078
589;2510;251027;25295
590;5215;521501;52694
591;2520;252010;25524
592;1720;172060;17388
593;7610;761047;76890
594;4170;417018;41807
595;4110;411087;41206
596;7320;732001;73270
597;538;53820;5021
598;1504;150488;15693
599;1506;150620;15162
600;2510;251047;25772
601;6820;682051;68051
602;1960;196009;19318
603;1340;134070;13458
604;4150;415047;41518
605;4150;415001;41797
606;1532;153240;15842
607;6320;632001;63130
608;5000;500001;50001
609;4110;411048;41799
610;5040;504047;50683
611;5275;527547;52390
612;540;54030;5148
613;1330;133049;13300
614;1320;132040;13894
615;2305;230550;23162
616;1522;152240;15362
617;1905;190518;19130
618;6810;681019;68547
619;1950;195067;19450
620;6630;663037;66045
621;1780;178001;17442
622;1935;193578;19256
623;5240;524069;52356
624;2330;233001;23570
625;1105;110551;11001
626;2528;252820;25324
627;2320;232050;23182
628;6840;684041;68079
629;2710;271037;27413
630;5280;528039;52621
631;1105;110561;11001
632;4750;475030;47555
633;6855;685527;68013
634;5200;520027;52001
635;6610;661047;66440
636;530;53020;5890
637;6830;683057;68320
638;5460;546058;54385
639;8520;852039;85250
640;4140;414008;41306
641;2040;204001;20517
642;5470;547077;54245
643;4420;442009;44430
644;7050;705057;70233
645;5465;546551;54498
646;4750;475020;47460
647;1540;154040;15762
648;570;57068;5138
649;2760;276019;27372
650;6835;683581;68522
651;1111;111151;11001
652;6840;684017;68370
653;9140;914050;91405
654;6875;687518;68615
655;1910;191079;19142
656;5060;506061;50400
657;8640;864008;86573
658;5285;528560;52520
659;4140;414029;41298
660;554;55420;5266
661;2750;275010;27430
662;7340;734060;73873
663;5260;526057;52678
664;2000;200001;20001
665;5230;523087;52210
666;1920;192007;19821
667;6825;682547;68264
668;1700;170017;17001
669;6875;687509;68255
670;2540;254040;25518
671;1900;190009;19001
672;7305;730587;73861
673;530;53017;5885
674;810;81047;8372
675;7620;762047;76020
676;2520;252030;25506
677;5205;520517;52110
678;1550;155001;15401
679;4760;476058;47960
680;4110;411027;41872
681;1905;190508;19130
682;2730;273037;27205
683;1300;130008;13001
684;9530;953007;95015
685;9170;917010;91407
686;2500;250052;25754
687;2504;250410;25793
688;7635;763567;76275
689;4700;470004;47001
690;1810;181059;18410
691;574;57420;5480
692;6800;680004;68001
693;2520;252037;25506
694;6830;683021;68500
695;7350;735007;73483
696;1510;151047;15218
697;9500;950001;95001
698;4760;476068;47170
699;5040;504001;50313
700;1900;190018;19001
701;6825;682568;68498
702;568;56820;5873
703;550;55038;5002
704;2532;253201;25019
705;820;82047;8558
706;6600;660002;66001
707;4410;441009;44560
708;570;57017;5543
709;4780;478027;47980
710;4730;473047;47245
711;1534;153468;15740
712;1345;134517;13490
713;578;57829;5051
714;4730;473027;47318
715;538;53857;5541
716;9410;941017;94886
717;1528;152867;15299
718;5060;506001;50223
719;850;85047;8606
720;9420;942010;94883
721;5070;507028;50689
722;4740;474028;47707
723;1108;110871;11001
724;7345;734560;73024
725;2340;234030;23580
726;1905;190501;19130
727;7315;731568;73283
728;1502;150207;15204
729;4140;414068;41548
730;7345;734567;73024
731;1534;153460;15740
732;5470;547017;54670
733;2502;250252;25899
734;1118;111821;11001
735;2532;253260;25086
736;4160;416087;41770
737;5220;522047;52381
738;4150;415080;41378
739;7350;735070;73555
740;8520;852038;85250
741;7315;731507;73870
742;1780;178047;17614
743;548;54838;5055
744;7350;735037;73217
745;840;84067;8770
746;4730;473048;47245
747;1300;130002;13001
748;578;57868;5837
749;2350;235028;23419
750;540;54020;5440
751;4750;475017;47058
752;2325;232508;23678
753;1950;195040;19290
754;7310;731060;73461
755;4750;475010;47058
756;4120;412047;41801
757;5215;521569;52786
758;8530;853039;85325
759;5010;501007;50110
760;2330;233020;23079
761;5255;525579;52699
762;514;51410;5658
763;810;81040;8372
764;1920;192020;19364
765;1518;151827;15533
766;2000;200007;20001
767;510;51058;5088
768;1345;134501;13600
769;9110;911039;91798
770;2504;250430;25843
771;7350;735028;73217
772;1950;195047;19290
773;1860;186017;18094
774;7300;730004;73001
775;1538;153801;15600
776;4150;415069;41396
777;8630;863007;86571
778;570;57020;5628
779;1110;111041;11001
780;7300;730019;73001
781;4740;474067;47703
782;6875;687557;68307
783;1116;111621;11001
784;550;55070;5282
785;2325;232529;23189
786;1550;155027;15580
787;538;53810;5206
788;9110;911037;91798
789;1700;170002;17001
790;7050;705078;70670
791;9910;991007;99773
792;7300;730003;73001
793;7600;760026;76001
794;1532;153260;15804
795;5205;520518;52110
796;1920;192048;19137
797;5420;542037;54820
798;5285;528517;52835
799;1520;152047;15820
800;574;57447;5842
801;6800;680002;68001
802;6805;680541;68820
803;500;50015;5001
804;7050;705037;70215
805;5470;547057;54206
806;7020;702018;70717
807;1520;152080;15114
808;1119;111971;11001
809;8620;862080;86569
810;2760;276050;27495
811;5280;528078;52079
812;1119;111941;11001
813;2335;233538;23068
814;1532;153227;15380
815;2310;231038;23417
816;1840;184017;18756
817;7605;760538;76126
818;2526;252657;25599
819;7320;732027;73443
820;2310;231007;23500
821;7615;761540;76400
822;7625;762548;76122
823;2325;232547;23660
824;518;51858;5237
825;6835;683521;68533
826;4400;440008;44001
827;7020;702017;70717
828;6845;684527;68572
829;8610;861088;86885
830;7030;703018;70678
831;1925;192578;19824
832;800;80010;8001
833;6860;686028;68385
834;1512;151247;15248
835;1780;178057;17614
836;4730;473049;47245
837;534;53457;5142
838;7010;701037;70508
839;7610;761038;76616
840;510;51028;5079
841;2536;253610;25402
842;2720;272058;27600
843;9110;911017;91540
844;4430;443048;44078
845;7040;704030;70708
846;1740;174001;17662
847;9400;940008;94001
848;2300;230027;23001
849;5420;542030;54820
850;7610;761028;76828
851;1770;177087;17042
852;6610;661040;66440
853;1538;153840;15808
854;520;52060;5107
855;1920;192057;19137
856;1860;186058;18205
857;1526;152647;15135
858;2760;276077;27025
859;1325;132511;13430
860;5430;543030;54520
861;1522;152247;15362
862;8610;861087;86885
863;538;53817;5206
864;1310;131067;13442
865;2315;231540;23586
866;1330;133028;13440
867;1910;191047;19698
868;2340;234039;23580
869;1960;196030;19809
870;5010;501021;50226
871;1950;195017;19100
872;9720;972048;97666
873;1530;153037;15761
874;2506;250640;25745
875;5465;546552;54498
876;1760;176048;17524
877;7070;707057;70823
878;2520;252001;25053
879;2534;253449;25320
880;4450;445007;44874
881;7620;762027;76147
882;6340;634007;63272
883;1325;132519;13430
884;5040;504061;50711
885;6800;680007;68001
886;1955;195538;19075
887;1915;191529;19455
888;5460;546077;54003
889;530;53048;5690
890;9700;970008;97001
891;5050;505007;50330
892;4770;477047;47675
893;2514;251407;25530
894;1300;130027;13001
895;6825;682509;68464
896;1534;153407;15599
897;500;50004;5001
898;1518;151820;15533
899;2522;252248;25743
900;518;51868;5686
901;2740;274010;27361
902;7605;760518;76377
903;530;53028;5890
904;2345;234508;23807
905;544;54448;5197
906;4760;476007;47258
907;7600;760023;76001
908;1300;130014;13001
909;2500;250030;25430
910;500;50006;5001
911;5440;544070;54480
912;8530;853057;85230
913;9160;916017;91430
914;1935;193579;19256
915;2770;277050;27099
916;1526;152601;15660
917;8550;855057;85300
918;7600;760035;76001
919;6875;687577;68406
920;1315;131540;13140
921;1542;154220;15293
922;5250;525067;52435
923;9430;943019;94887
924;7050;705039;70215
925;500;50043;5001
926;7355;735507;73504
927;2534;253420;25592
928;5240;524009;52215
929;1530;153057;15322
930;548;54827;5756
931;9910;991019;99773
932;2532;253217;25328
933;2518;251847;25594
934;4140;414009;41306
935;6835;683557;68755
936;2510;251040;25772
937;4720;472027;47288
938;6815;681501;68162
939;6845;684507;68324
940;7010;701050;70418
941;2534;253447;25320
942;2500;250078;25740
943;6875;687517;68615
944;8520;852050;85263
945;2010;201010;20238
946;830;83080;8520
947;4700;470017;47001
948;4150;415040;41518
949;4780;478048;47570
950;1103;110311;11001
951;6820;682021;68684
952;7615;761558;76622
953;6820;682041;68229
954;1534;153440;15189
955;1730;173060;17541
956;6810;681048;68318
957;7000;700009;70001
958;2506;250608;25407
959;7030;703030;70771
960;1111;111156;11001
961;6815;681547;68147
962;4750;475038;47555
963;2528;252830;25483
964;5450;545037;54680
965;5245;524520;52585
966;1920;192077;19743
967;1502;150247;15187
968;5235;523507;52788
969;9430;943067;94888
970;8550;855038;85440
971;7600;760016;76001
972;7640;764007;76364
973;2532;253257;25662
974;1516;151647;15757
975;1945;194558;19533
976;1945;194508;19693
977;6805;680567;68444
978;6815;681557;68686
979;1950;195060;19450
980;510;51070;5656
981;4170;417060;41530
982;8160;816018;81065
983;2720;272040;27135
984;2030;203020;20400
985;5070;507058;50318
986;6865;686508;68092
987;6330;633001;63470
988;6835;683578;68344
989;7600;760010;76001
990;1111;111176;11001
991;534;53447;5591
992;6805;680527;68867
993;534;53410;5893
994;2720;272057;27600
995;7600;760031;76001
996;840;84001;8560
997;6835;683507;68121
998;1524;152469;15542
999;7305;730580;73861
1000;8610;861047;86219
1001;7010;701030;70508
1002;1508;150820;15720
1003;534;53428;5579
1004;7600;760006;76001
1005;514;51460;5411
1006;1330;133007;13650
1007;7610;761048;76890
1008;1340;134068;13655
1009;5235;523527;52287
1010;6840;684058;68296
1011;5030;503061;50590
1012;5455;545537;54720
1013;810;81027;8832
1014;1524;152427;15047
1015;500;50016;5001
1016;2526;252627;25645
1017;5245;524540;52022
1018;570;57010;5543
1019;1548;154808;15531
1020;2300;230002;23001
1021;8550;855010;85162
1022;5280;528037;52621
1023;1935;193570;19256
1024;5470;547058;54206
1025;534;53440;5591
1026;1101;110111;11001
1027;6865;686569;68235
1028;5280;528009;52427
1029;5230;523080;52210
1030;4120;412080;41885
1031;1810;181058;18410
1032;500;50024;5001
1033;5205;520570;52051
1034;4720;472047;47030
1035;6845;684541;68271
1036;524;52447;5895
1037;550;55077;5282
1038;7610;761030;76616
1039;574;57467;5004
1040;1536;153608;15367
1041;2700;270070;27425
1042;4120;412087;41885
1043;5400;540019;54001
1044;2310;231029;23417
1045;7315;731587;73520
1046;2526;252640;25035
1047;5470;547037;54800
1048;4760;476027;47161
1049;2536;253647;25398
1050;8620;862047;86757
1051;574;57438;5234
1052;6855;685541;68327
1053;2010;201040;20032
1054;6860;686007;68573
1055;4410;441008;44560
1056;2508;250810;25873
1057;2720;272027;27160
1058;6320;632027;63212
1059;6300;630001;63001
1060;6815;681518;68207
1061;4100;410001;41001
1062;9150;915017;91669
1063;7320;732020;73443
1064;7335;733587;73770
1065;5450;545070;54418
1066;6840;684061;68895
1067;2532;253230;25867
1068;4770;477009;47745
1069;4760;476037;47205
1070;6815;681527;68152
1071;1538;153860;15776
1072;1116;111631;11001
1073;2300;230009;23001
1074;520;52030;5887
1075;1310;131029;13052
1076;6835;683568;68745
1077;9400;940018;94001
1078;554;55438;5607
1079;1920;192001;19821
1080;1340;134027;13006
1081;2518;251850;25335
1082;7625;762538;76736
1083;1532;153220;15380
1084;4740;474020;47707
1085;1325;132547;13780
1086;1540;154080;15476
1087;4440;444050;44110
1088;4750;475018;47058
1089;800;80004;8001
1090;1925;192508;19517
1091;1101;110151;11001
1092;830;83020;8433
1093;2504;250417;25793
1094;540;54010;5674
1095;1522;152210;15759
1096;2518;251830;25281
1097;5480;548050;54250
1098;7305;730520;73026
1099;4720;472020;47288
1100;1720;172029;17013
1101;1544;154427;15185
1102;1504;150448;15516
1103;2522;252201;25535
1104;7310;731040;73411
1105;2508;250830;25436
1106;1905;190538;19548
1107;5010;501017;50124
1108;6875;687527;68615
1109;7625;762517;76403
1110;850;85067;8421
1111;534;53430;5585
1112;6870;687069;68575
1113;500;50036;5001
1114;4420;442001;44430
1115;2500;250055;25754
1116;7600;760042;76001
1117;6835;683517;68549
1118;5470;547039;54800
1119;1120;112021;11001
1120;1548;154887;15480
1121;1516;151608;15183
1122;850;85060;8421
1123;574;57427;5480
1124;5020;502048;50568
1125;4110;411088;41206
1126;8100;810009;81001
1127;520;52020;5134
1128;4780;478060;47268
1129;500;50021;5001
1130;5420;542050;54377
1131;9900;990009;99001
1132;1120;112031;11001
1133;2750;275030;27077
1134;9430;943058;94888
1135;554;55427;5266
1136;5460;546070;54003
1137;2710;271030;27413
1138;4750;475037;47555
1139;2500;250077;25740
1140;7300;730005;73001
1141;1760;176028;17174
1142;8130;813017;81591
1143;1542;154201;15051
1144;4410;441039;44847
1145;1111;111131;11001
1146;5070;507021;50689
1147;6810;681007;68276
1148;6815;681561;68266
1149;7340;734068;73873
1150;9400;940007;94001
1151;514;51450;5501
1152;2526;252638;25245
1153;2740;274018;27361
1154;2325;232558;23660
1155;2516;251620;25181
1156;2020;202017;20621
1157;1506;150667;15839
1158;4110;411007;41016
1159;2740;274039;27450
1160;6820;682017;68432
1161;2538;253827;25823
1162;9400;940027;94001
1163;2512;251217;25322
1164;6870;687068;68575
1165;1345;134527;13042
1166;514;51447;5761
1167;5220;522088;52254
1168;558;55827;5347
1169;5285;528519;52835
1170;4100;410017;41001
1171;7645;764504;76109
1172;1116;111611;11001
1173;7030;703037;70771
1174;2500;250054;25754
1175;578;57820;5051
1176;4160;416047;41319
1177;5225;522501;52411
1178;6805;680531;68867
1179;6620;662030;66383
1180;2502;250247;25126
1181;1910;191039;19698
1182;1335;133567;13580
1183;5240;524060;52356
1184;2526;252630;25245
1185;1950;195009;19100
1186;4150;415027;41483
1187;1300;130012;13001
1188;4110;411028;41872
1189;1516;151660;15790
1190;5440;544058;54743
1191;1300;130013;13001
1192;5240;524030;52560
1193;2030;203060;20228
1194;1534;153457;15879
1195;4770;477050;47551
1196;5200;520019;52001
1197;2536;253608;25658
1198;2030;203048;20178
1199;528;52847;5031
1200;7620;762021;76147
1201;2700;270077;27425
1202;500;50012;5001
1203;5030;503067;50590
1204;2508;250827;25807
1205;574;57418;5172
1206;2530;253020;25123
1207;2528;252850;25001
1208;5030;503021;50325
1209;500;50010;5001
1210;540;54050;5318
1211;5220;522087;52254
1212;4180;418001;41503
1213;4450;445040;44420
1214;7600;760034;76001
1215;5255;525558;52720
1216;2518;251808;25178
1217;2536;253650;25862
1218;5465;546557;54498
1219;7040;704037;70708
1220;2514;251401;25530
1221;7615;761517;76054
1222;554;55460;5380
1223;1740;174007;17662
1224;5010;501057;50686
1225;5270;527068;52405
1226;2730;273030;27205
1227;5250;525047;52612
1228;1300;130018;13001
1229;5215;521540;52687
1230;2502;250217;25260
1231;5255;525501;52320
1232;2528;252810;25368
1233;830;83087;8520
1234;5230;523067;52352
1235;4170;417079;41006
1236;578;57817;5659
1237;5465;546559;54498
1238;6845;684517;68077
1239;4730;473001;47692
1240;5275;527527;52250
1241;7310;731001;73030
1242;4770;477001;47745
1243;6870;687047;68081
1244;4430;443040;44078
1245;1300;130019;13001
1246;8130;813010;81591
1247;530;53050;5190
1248;8530;853030;85325
1249;5255;525570;52699
1250;2526;252648;25035
1251;7020;702010;70717
1252;9910;991048;99773
1253;5440;544017;54125
1254;1518;151807;15550
1255;2030;203047;20178
1256;1860;186038;18029
1257;540;54048;5615
1258;8610;861060;86760
1259;534;53427;5579
1260;4750;475027;47460
1261;7010;701077;70473
1262;1105;110571;11001
1263;4170;417030;41551
1264;2720;272037;27810
1265;540;54017;5674
1266;528;52857;5040
1267;544;54410;5313
1268;1315;131520;13620
1269;850;85020;8436
1270;1900;190002;19001
1271;1305;130527;13683
1272;1104;110421;11001
1273;518;51837;5310
1274;4720;472040;47030
1275;9120;912010;91536
1276;5000;500017;50001
1277;7625;762547;76122
1278;7315;731528;73152
1279;5070;507047;50150
1280;2010;201027;20060
1281;2510;251057;25736
1282;8800;880001;88001
1283;4420;442008;44430
1284;510;51027;5079
1285;7645;764509;76109
1286;5445;544527;54223
1287;4430;443028;44378
1288;560;56017;5368
1289;1325;132557;13188
1290;7345;734509;73585
1291;2510;251010;25817
1292;5200;520010;52001
1293;1340;134047;13810
1294;1750;175001;17495
1295;520;52018;5854
1296;7335;733529;73268
1297;2320;232020;23815
1298;2504;250440;25781
1299;6810;681017;68547
1300;6850;685047;68773
1301;5285;528509;52835
1302;1780;178049;17614
1303;6600;660006;66001
1304;1810;181017;18247
1305;558;55848;5030
1306;5400;540001;54001
1307;5270;527039;52256
1308;5285;528502;52835
1309;5000;500005;50001
1310;6870;687001;68655
1311;1905;190558;19473
1312;5060;506007;50223
1313;1109;110921;11001
1314;5280;528047;52621
1315;4410;441057;44847
1316;1102;110221;11001
1317;8140;814050;81300
1318;4160;416007;41791
1319;2524;252431;25307
1320;1955;195547;19075
1321;2325;232507;23678
1322;2500;250037;25430
1323;9410;941038;94884
1324;6825;682559;68167
1325;2522;252217;25290
1326;568;56817;5475
1327;6835;683501;68121
1328;1536;153620;15494
1329;1508;150807;15723
1330;2760;276070;27025
1331;2350;235027;23419
1332;1516;151667;15790
1333;7635;763527;76248
1334;5280;528069;52079
1335;1910;191067;19845
1336;7350;735029;73217
1337;1325;132567;13468
1338;6830;683029;68500
1339;1335;133518;13074
1340;1542;154268;15469
1341;1305;130530;13873
1342;1915;191568;19212
1343;1960;196037;19809
1344;7040;704010;70124
1345;554;55422;5266
1346;850;85027;8436
1347;7635;763557;76563
1348;564;56467;5101
1349;9150;915018;91669
1350;2530;253030;25596
1351;1940;194089;19022
1352;2524;252410;25612
1353;6640;664017;66318
1354;4170;417037;41551
1355;554;55421;5266
1356;4410;441058;44847
1357;6840;684057;68296
1358;1522;152237;15226
1359;7620;762018;76041
1360;1770;177089;17042
1361;6805;680568;68444
1362;2530;253052;25269
1363;500;50007;5001
1364;518;51847;5150
1365;5040;504007;50313
1366;1107;110741;11001
1367;2730;273057;27491
1368;5285;528518;52835
1369;2300;230028;23001
1370;2770;277038;27150
1371;7070;707037;70204
1372;1546;154667;15131
1373;8520;852030;85250
1374;7605;760527;76233
1375;800;80001;8001
1376;5255;525520;52838
1377;4150;415060;41396
1378;5445;544520;54223
1379;6300;630002;63001
1380;2512;251240;25299
1381;2504;250437;25843
1382;5235;523501;52788
1383;558;55858;5809
1384;1506;150627;15162
1385;2010;201030;20250
1386;7635;763578;76130
1387;4410;441027;44847
1388;7040;704038;70708
1389;5200;520029;52001
1390;6630;663038;66045
1391;1532;153248;15842
1392;5400;540011;54001
1393;564;56447;5576
1394;524;52428;5495
1395;1820;182017;18753
1396;5420;542038;54820
1397;8610;861067;86760
1398;9400;940028;94001
1399;1546;154640;15176
1400;7330;733048;73624
1401;6840;684037;68679
1402;7615;761530;76863
1403;6825;682557;68167
1404;9410;941047;94884
1405;2522;252240;25743
1406;5060;506048;50251
1407;5480;548030;54553
1408;7050;705058;70233
1409;9720;972007;97511
1410;1119;111911;11001
1411;2300;230019;23001
1412;520;52017;5854
1413;6600;660008;66001
1414;2516;251607;25841
1415;1536;153627;15494
1416;6640;664008;66594
1417;6300;630007;63001
1418;550;55018;5376
1419;1510;151027;15810
1420;5410;541030;54874
1421;6830;683077;68211
1422;7325;732507;73124
1423;5445;544557;54051
1424;1522;152217;15759
1425;1770;177040;17665
1426;1850;185017;18479
1427;5480;548057;54250
1428;6875;687511;68615
1429;1320;132050;13244
1430;6640;664047;66088
1431;8520;852037;85250
1432;6805;680501;68780
1433;6830;683017;68322
1434;2335;233530;23068
1435;1910;191007;19110
1436;1516;151627;15755
1437;4410;441018;44560
1438;8140;814017;81794
1439;1530;153047;15325
1440;500;50041;5001
1441;4700;470002;47001
1442;6855;685521;68013
1443;8500;850007;85001
1444;9920;992017;99524
1445;1860;186010;18094
1446;1960;196008;19318
1447;550;55010;5376
1448;524;52438;5250
1449;2050;205040;20614
1450;500;50029;5001
1451;7630;763021;76834
1452;1532;153280;15172
1453;1532;153201;15798
1454;2700;270078;27425
1455;578;57827;5051
1456;1945;194501;19693
1457;1860;186030;18029
1458;7030;703010;70678
1459;2532;253250;25662
1460;4440;444007;44098
1461;6860;686001;68573
1462;4130;413040;41020
1463;7600;760014;76001
1464;2536;253618;25402
1465;2770;277037;27150
1466;2534;253410;25875
1467;7355;735560;73168
1468;2325;232527;23189
1469;1310;131068;13442
1470;1504;150480;15693
1471;6815;681507;68162
1472;4140;414060;41548
1473;1113;111311;11001
1474;2500;250010;25214
1475;7355;735550;73622
1476;1910;191017;19110
1477;1730;173001;17446
1478;9520;952017;95200
1479;5460;546079;54003
1480;568;56830;5847
1481;6865;686567;68235
1482;6820;682058;68051
1483;7310;731047;73411
1484;5220;522007;52240
1485;5060;506041;50251
1486;510;51059;5088
1487;1526;152627;15514
1488;4110;411080;41206
1489;2340;234038;23580
1490;7350;735057;73067
1491;554;55450;5631
1492;2320;232008;23464
1493;2536;253637;25489
1494;6320;632020;63212
1495;7050;705079;70670
1496;6630;663017;66572
1497;5215;521560;52786
1498;1310;131069;13442
1499;560;56037;5856
1500;4170;417007;41244
1501;5465;546510;54344
1502;1532;153268;15804
1503;2530;253057;25269
1504;1538;153809;15600
1505;850;85007;8638
1506;5240;524007;52215
1507;5400;540005;54001
1508;8140;814010;81794
1509;7060;706018;70820
1510;1110;111011;11001
1511;8560;856010;85010
1512;4740;474040;47545
1513;8550;855018;85162
1514;1504;150408;15837
1515;2315;231507;23675
1516;7010;701017;70230
1517;2040;204047;20550
1518;1532;153247;15842
1519;1508;150827;15720
1520;5430;543010;54099
1521;2350;235048;23090
1522;2330;233028;23079
1523;4100;410010;41001
1524;2522;252211;25290
1525;7600;760004;76001
1526;1530;153067;15778
1527;1710;171008;17486
1528;6810;681038;68705
1529;1514;151447;15332
1530;7335;733520;73268
1531;1120;112011;11001
1532;1108;110881;11001
1533;7600;760003;76001
1534;540;54028;5440
1535;6600;660017;66001
1536;1325;132560;13468
1537;7600;760044;76001
1538;1500;150008;15001
1539;5040;504048;50683
1540;1955;195507;19532
1541;840;84060;8770
1542;7600;760041;76001
1543;2530;253051;25269
1544;518;51838;5310
1545;2534;253407;25718
1546;9920;992018;99524
1547;5275;527540;52390
1548;500;50023;5001
1549;9910;991009;99773
1550;5265;526568;52233
1551;6825;682577;68855
1552;8610;861020;86749
1553;5220;522027;52480
1554;1526;152667;15455
1555;1300;130009;13001
1556;2508;250837;25436
1557;6835;683569;68745
1558;6835;683547;68524
1559;6830;683051;68320
1560;6640;664007;66594
1561;7635;763520;76248
1562;2512;251230;25297
1563;2750;275058;27250
1564;6815;681567;68266
1565;518;51850;5237
1566;7625;762527;76895
1567;1520;152060;15215
1568;2345;234518;23807
1569;7000;700008;70001
1570;2345;234537;23855
1571;7615;761520;76823
1572;1900;190017;19001
1573;1920;192040;19137
1574;1905;190589;19780
1575;9950;995007;99624
1576;6875;687501;68255
1577;1305;130547;13647
1578;1536;153637;15835
1579;4110;411060;41078
1580;8530;853058;85230
1581;2508;250847;25426
1582;2518;251837;25281
1583;1960;196060;19418
1584;2516;251627;25181
1585;4180;418028;41660
1586;1546;154601;15632
1587;2750;275057;27250
1588;1514;151427;15223
1589;2526;252607;25386
1590;1534;153467;15740
1591;2320;232017;23168
1592;5200;520002;52001
1593;1940;194027;19397
1594;1544;154447;15686
1595;2536;253667;25777
1596;2345;234501;23807
1597;2510;251001;25758
1598;7310;731067;73461
1599;7355;735537;73675
1600;2320;232001;23464
1601;2310;231027;23417
1602;1110;111061;11001
1603;7300;730009;73001
1604;7340;734040;73226
1605;5240;524077;52356
1606;9130;913017;91263
1607;5010;501041;50245
1608;2760;276037;27075
1609;5200;520039;52001
1610;7640;764001;76364
1611;1534;153447;15189
1612;6850;685008;68101
1613;2350;235008;23574
1614;4140;414028;41298
1615;5280;528007;52427
1616;2040;204020;20787
1617;4740;474007;47720
1618;1350;135008;13688
1619;2516;251648;25279
1620;1500;150009;15001
1621;2000;200017;20001
1622;1119;111921;11001
1623;8630;863008;86571
1624;5455;545530;54720
1625;2522;252257;25312
1626;5265;526507;52385
1627;578;57839;5665
1628;554;55457;5631
1629;9910;991001;99773
1630;4760;476047;47541
1631;534;53450;5142
1632;1320;132030;13654
1633;6875;687548;68307
1634;1915;191567;19212
1635;1548;154820;15442
1636;6860;686008;68573
1637;1780;178020;17777
1638;2780;278010;27006
1639;5400;540002;54001
1640;850;85048;8606
1641;7605;760517;76377
1642;564;56440;5576
1643;1500;150002;15001
1644;1915;191540;19513
1645;1910;191038;19698
1646;7030;703078;70265
1647;6835;683527;68533
1648;500;50037;5001
1649;1720;172047;17513
1650;1720;172040;17513
1651;5445;544528;54223
1652;2350;235040;23090
1653;5240;524078;52356
1654;1950;195019;19100
1655;1110;111031;11001
1656;5070;507037;50689
1657;2522;252219;25290
1658;5255;525507;52320
1659;2534;253401;25718
1660;518;51830;5310
1661;1780;178048;17614
1662;7600;760020;76001
1663;1538;153887;15638
1664;5245;524567;52224
1665;1935;193508;19760
1666;5455;545539;54720
1667;1320;132058;13244
1668;4150;415078;41396
1669;6640;664020;66456
1670;1905;190539;19548
1671;4450;445027;44855
1672;2512;251201;25377
1673;7630;763049;76111
1674;558;55847;5030
1675;7340;734020;73352
1676;6610;661027;66682
1677;840;84027;8141
1678;1860;186077;18610
1679;6640;664027;66456
1680;1910;191037;19698
1681;7330;733001;73678
1682;5010;501038;50606
1683;1900;190004;19001
1684;6640;664001;66594
1685;5440;544037;54174
1686;7060;706017;70820
1687;500;50033;5001
1688;7050;705017;70702
1689;558;55860;5059
1690;1524;152448;15822
1691;8500;850008;85001
1692;1350;135007;13688
1693;4120;412060;41357
1694;4440;444001;44098
1695;7050;705038;70215
1696;1710;171047;17050
1697;7345;734507;73585
1698;1548;154801;15531
1699;8540;854019;85139
1700;7340;734067;73873
1701;544;54440;5197
1702;6835;683567;68745
1703;1900;190001;19001
1704;8120;812017;81220
1705;9920;992007;99524
1706;8600;860001;86001
1707;6825;682549;68264
1708;6875;687507;68255
1709;1510;151020;15810
1710;5020;502047;50568
1711;7635;763550;76563
1712;7350;735008;73483
1713;530;53037;5670
1714;1520;152020;15296
1715;2506;250620;25288
1716;2512;251247;25299
1717;5250;525008;52227
1718;558;55817;5240
1719;1345;134510;13490
1720;7010;701010;70230
1721;1740;174037;17867
1722;2730;273010;27580
1723;1925;192547;19355
1724;6815;681508;68162
1725;7050;705010;70702
1726;9400;940019;94001
1727;7330;733008;73678
1728;1530;153050;15322
1729;5245;524547;52022
1730;500;50013;5001
1731;1504;150467;15238
1732;4450;445020;44855
1733;5250;525009;52227
1734;2770;277030;27150
1735;1546;154647;15176
1736;2500;250047;25473
1737;7345;734528;73563
1738;5205;520501;52110
1739;8620;862020;86865
1740;6630;663030;66045
1741;5235;523547;52573
1742;7060;706030;70523
1743;9110;911038;91798
1744;2010;201050;20175
1745;1310;131020;13052
1746;1770;177047;17665
1747;2518;251857;25335
1748;2305;230529;23686
1749;6330;633020;63401
1750;6810;681018;68547
1751;5070;507007;50006
1752;4410;441007;44560
1753;6815;681551;68686
1754;2730;273038;27205
1755;544;54430;5660
1756;8630;863001;86571
1757;5275;527548;52390
1758;4110;411001;41016
1759;1335;133510;13074
1760;9400;940009;94001
1761;2502;250240;25126
1762;2504;250428;25154
1763;2500;250058;25754
1764;7310;731007;73030
1765;7345;734547;73236
1766;1552;155217;15572
1767;7635;763538;76520
1768;548;54847;5483
1769;564;56430;5792
1770;4140;414001;41306
1771;2532;253207;25019
1772;1905;190507;19130
1773;2780;278057;27615
1774;8510;851038;85315
1775;1750;175007;17495
1776;5270;527030;52256
1777;8560;856038;85015
1778;2740;274037;27450
1779;5200;520028;52001
1780;4180;418040;41359
1781;5410;541038;54874
1782;9170;917017;91407
1783;2504;250447;25781
1784;1760;176047;17524
1785;570;57018;5543
1786;5470;547070;54245
1787;6815;681519;68207
1788;7335;733507;73200
1789;2522;252207;25535
1790;5245;524528;52585
1791;1335;133550;13268
1792;2345;234507;23807
1793;5450;545050;54313
1794;1522;152250;15272
1795;5455;545538;54720
1796;1940;194008;19392
1797;2710;271017;27245
1798;2530;253007;25099
1799;830;83005;8758
1800;4430;443047;44078
1801;2310;231047;23417
1802;1300;130017;13001
1803;7020;702077;70742
1804;1950;195001;19100
1805;2770;277017;27615
1806;9120;912019;91536
1807;6865;686539;68689
1808;1506;150687;15537
1809;1840;184019;18756
1810;7620;762001;76243
1811;1350;135028;13744
1812;1110;111021;11001
1813;5460;546057;54385
1814;578;57878;5490
1815;2524;252401;25488
1816;1925;192518;19517
1817;6860;686021;68385
1818;2305;230537;23686
1819;840;84087;8675
1820;1540;154047;15762
1821;5020;502049;50568
1822;2500;250057;25754
1823;1508;150840;15368
1824;7630;763008;76113
1825;7605;760510;76377
1826;6320;632040;63111
1827;2740;274058;27745
1828;4160;416088;41770
1829;578;57858;5147
1830;6835;683537;68209
1831;6840;684028;68872
1832;9430;943057;94888
1833;5420;542058;54377
1834;8800;880028;88564
1835;5030;503068;50590
1836;5470;547078;54245
1837;554;55411;5360
1838;4100;410006;41001
1839;5020;502041;50568
1840;4140;414047;41013
1841;2040;204040;20550
1842;5265;526527;52418
1843;4400;440001;44001
1844;9130;913019;91263
1845;1506;150607;15276
1846;5225;522527;52683
1847;1340;134020;13006
1848;5460;546078;54003
1849;1940;194067;19785
1850;2540;254020;25258
1851;5010;501018;50124
1852;2780;278038;27800
1853;9410;941018;94886
1854;1536;153668;15646
1855;4410;441059;44847
1856;5030;503027;50325
1857;8530;853017;85430
1858;2320;232059;23182
1859;5230;523068;52352
1860;1920;192009;19821
1861;1830;183010;18150
1862;5205;520538;52258
1863;4760;476040;47541
1864;2540;254008;25513
1865;1514;151448;15332
1866;1915;191569;19212
1867;7335;733540;73319
1868;8530;853010;85430
1869;1750;175037;17380
1870;2504;250420;25154
1871;1522;152218;15759
1872;8620;862069;86568
1873;4150;415087;41378
1874;7620;762008;76243
1875;1104;110431;11001
1876;1700;170009;17001
1877;2030;203040;20178
1878;1350;135048;13670
1879;2500;250002;25175
1880;1935;193537;19807
1881;9910;991049;99773
1882;1522;152268;15806
1883;6810;681031;68318
1884;2516;251647;25279
1885;6825;682537;68217
1886;7060;706010;70820
1887;8540;854010;85139
1888;7350;735078;73555
1889;6860;686047;68190
1890;5000;500007;50001
1891;1526;152640;15135
1892;7020;702078;70742
1893;7355;735509;73504
1894;5200;520037;52001
1895;7355;735557;73622
1896;9160;916057;91460
1897;4410;441001;44560
1898;1910;191030;19698
1899;1315;131507;13760
1900;9120;912018;91536
1901;6860;686027;68385
1902;2526;252667;25878
1903;1720;172007;17653
1904;2510;251067;25326
1905;6620;662017;66075
1906;500;50020;5001
1907;6805;680561;68444
1908;7305;730527;73026
1909;5200;520008;52001
1910;7620;762007;76243
1911;6840;684007;68418
1912;7320;732047;73349
1913;1905;190548;19548
1914;5455;545518;54261
1915;1107;110731;11001
1916;6320;632007;63130
1917;5265;526529;52418
1918;820;82067;8849
1919;7605;760547;76606
1920;1930;193008;19585
1921;5450;545010;54673
1922;564;56477;5642
1923;550;55048;5467
1924;2020;202018;20621
1925;4430;443020;44378
1926;5200;520007;52001
1927;1950;195018;19100
1928;6825;682517;68682
1929;4400;440009;44001
1930;2330;233040;23555
1931;1118;111811;11001
1932;2540;254027;25258
1933;2020;202030;20750
1934;1552;155208;15572
1935;6825;682541;68264
1936;2534;253408;25718
1937;570;57037;5113
1938;9410;941039;94884
1939;5210;521087;52083
1940;2514;251428;25438
1941;1524;152428;15047
1942;2530;253027;25123
1943;2300;230007;23001
1944;1905;190530;19548
1945;4100;410009;41001
1946;1780;178007;17442
1947;2750;275037;27077
1948;2508;250820;25807
1949;6800;680003;68001
1950;2532;253258;25662
1951;1350;135040;13670
1952;1532;153217;15511
1953;528;52837;5858
1954;500;50031;5001
1955;6330;633007;63470
1956;8560;856050;85279
1957;1544;154460;15664
1958;7620;762010;76041
1959;1508;150887;15774
1960;500;50048;5001
1961;1340;134048;13810
1962;1502;150260;15814
1963;2050;205037;20310
1964;1120;112041;11001
1965;500;50018;5001
1966;9910;991047;99773
1967;520;52068;5107
1968;5260;526047;52678
1969;1925;192539;19355
1970;2335;233537;23068
1971;1345;134548;13473
1972;1540;154087;15476
1973;1920;192049;19137
1974;5255;525528;52838
1975;5050;505048;50370
1976;5210;521067;52203
1977;4180;418069;41668
1978;1710;171001;17486
1979;5480;548058;54250
1980;1512;151260;15522
1981;1504;150447;15516
1982;574;57460;5004
1983;1930;193007;19585
1984;2534;253468;25148
1985;2532;253237;25867
1986;9410;941037;94884
1987;2750;275050;27250
1988;2520;252020;25649
1989;6840;684031;68679
1990;2538;253807;25394
1991;6835;683558;68755
1992;550;55040;5467
1993;1524;152401;15518
1994;6850;685001;68101
1995;6825;682528;68502
1996;7635;763558;76563
1997;8550;855058;85300
1998;2020;202010;20621
1999;1528;152807;15667
2000;8800;880008;88001
2001;830;83040;8634
2002;1550;155067;15507
2003;564;56468;5101
2004;5440;544057;54743
2005;5200;520038;52001
2006;7330;733040;73624
2007;2040;204028;20787
2008;568;56840;5125
2009;7355;735588;73616
2010;5280;528067;52079
2011;7620;762022;76147
2012;5010;501047;50245
2013;2506;250617;25317
2014;9410;941010;94886
2015;4170;417070;41006
2016;518;51818;5038
2017;2524;252408;25488
2018;5215;521520;52399
2019;5250;525039;52612
2020;6845;684511;68077
2021;4170;417078;41006
2022;524;52458;5120
2023;1532;153267;15804
2024;5410;541070;54172
2025;8610;861068;86760
2026;1335;133538;13667
2027;6815;681548;68147
2028;6825;682551;68167
2029;1542;154267;15469
2030;9430;943059;94888
2031;6840;684011;68370
2032;6825;682531;68217
2033;6630;663007;66687
2034;6830;683071;68211
2035;2532;253240;25168
2036;5215;521547;52687
2037;4770;477008;47745
2038;4150;415020;41483
2039;1935;193557;19622
2040;840;84008;8560
2041;6830;683007;68176
2042;1850;185077;18785
2043;6865;686568;68235
2044;500;50047;5001
2045;1117;111711;11001
2046;1104;110411;11001
2047;2512;251210;25322
2048;800;80012;8001
2049;1345;134547;13473
2050;5465;546537;54398
2051;1320;132059;13244
2052;6860;686049;68190
2053;8510;851078;85225
2054;1935;193577;19256
2055;1720;172009;17653
2056;1115;111511;11001
2057;5205;520557;52019
2058;6870;687008;68655
2059;1542;154207;15051
2060;1546;154609;15632
2061;5260;526040;52678
2062;9700;970007;97001
2063;500;50044;5001
2064;6825;682508;68464
2065;1860;186059;18205
2066;2502;250227;25769
2067;2518;251817;25845
2068;6820;682048;68229
2069;1504;150461;15238
2070;8510;851057;85400
2071;8520;852019;85125
2072;5040;504021;50287
2073;4440;444018;44279
2074;1514;151420;15223
2075;4460;446017;44090
2076;2780;278018;27006
2077;7625;762537;76736
2078;524;52437;5250
2079;4120;412008;41524
2080;2310;231020;23417
2081;7305;730528;73026
2082;520;52067;5107
2083;1730;173047;17444
2084;5010;501027;50226
2085;2010;201018;20238
2086;9440;944019;94343
2087;6855;685531;68673
2088;1506;150601;15276
2089;7000;700007;70001
2090;1305;130501;13673
2091;7010;701078;70473
2092;5030;503029;50325
2093;2710;271050;27073
2094;500;50022;5001
2095;524;52418;5154
2096;1335;133530;13667
2097;2522;252218;25290
2098;5230;523060;52352
2099;7630;763029;76834
2100;2510;251058;25736
2101;7610;761037;76616
2102;1330;133020;13440
2103;1730;173067;17541
2104;5210;521040;52693
2105;4130;413028;41132
2106;500;50014;5001
2107;1504;150468;15238
2108;2030;203001;20045
2109;2040;204068;20383
2110;2508;250848;25426
2111;1546;154660;15131
2112;5270;527001;52540
2113;6855;685547;68327
2114;5460;546038;54128
2115;500;50030;5001
2116;1325;132540;13780
2117;2050;205050;20770
2118;5265;526528;52418
2119;2325;232559;23660
2120;5230;523008;52885
2121;2700;270007;27001
2122;7610;761008;76100
2123;1330;133047;13300
2124;1325;132548;13780
2125;534;53417;5893
2126;6300;630003;63001
2127;5235;523548;52573
2128;8510;851010;85136
2129;1101;110121;11001
2130;1860;186057;18205
2131;6855;685568;68861
2132;6815;681509;68162
2133;7605;760550;76869
2134;2538;253808;25394
2135;9910;991038;99773
2136;1910;191060;19845
2137;2540;254030;25871
2138;5460;546030;54128
2139;7350;735001;73483
2140;5240;524037;52560
2141;5030;503041;50450
2142;5420;542010;54347
2143;1305;130540;13647
2144;9530;953009;95015
2145;7635;763537;76520
2146;2730;273050;27491
2147;6875;687579;68406
2148;514;51468;5411
2149;1315;131548;13140
2150;1300;130001;13001
2151;7600;760030;76001
2152;7305;730501;73547
2153;2506;250618;25317
2154;550;55017;5376
2155;534;53418;5893
2156;8560;856058;85279
2157;1940;194088;19022
2158;2500;250017;25214
2159;7645;764517;76109
2160;6310;631020;63690
2161;5420;542018;54347
2162;5210;521007;52685
2163;2730;273078;27660
2164;1920;192078;19743
2165;7070;707017;70713
2166;1300;130007;13001
2167;5220;522060;52260
2168;1548;154840;15109
2169;7040;704057;70400
2170;6830;683048;68770
2171;1770;177020;17877
2172;4750;475019;47058
2173;1945;194509;19693
2174;6620;662010;66075
2175;6820;682008;68669
2176;1520;152027;15296
2177;1546;154608;15632
2178;6620;662007;66400
2179;5255;525557;52720
2180;2010;201020;20060
2181;5285;528508;52835
2182;2528;252840;25815
2183;5200;520009;52001
2184;4460;446001;44090
2185;6820;682038;68468
2186;6640;664040;66088
2187;9130;913010;91263
2188;4100;410005;41001
2189;850;85068;8421
2190;534;53460;5425
2191;5220;522080;52254
2192;510;51052;5088
2193;5455;545517;54261
2194;568;56867;5093
2195;1536;153660;15646
2196;7630;763048;76111
2197;5285;528507;52835
2198;5460;546037;54128
2199;1350;135060;13160
2200;7635;763501;76318
2201;1548;154828;15442
2202;2300;230018;23001
2203;2340;234001;23466
2204;5070;507041;50150
2205;1350;135067;13160
2206;5210;521020;52378
2207;2710;271018;27245
2208;1550;155028;15580
2209;1730;173007;17446
2210;1536;153647;15861
2211;7320;732060;73055
2212;4430;443008;44035
2213;1108;110811;11001
2214;7010;701070;70473
2215;1325;132518;13430
2216;6875;687571;68406
2217;5445;544558;54051
2218;7000;700002;70001
2219;6300;630008;63001
2220;4100;410008;41001
2221;5440;544030;54174
2222;2520;252007;25053
2223;2508;250840;25426
2224;2780;278050;27615
2225;5480;548010;54810
2226;520;52037;5887
2227;1955;195508;19532
2228;5430;543050;54518
2229;4400;440017;44001
2230;6815;681541;68147
2231;850;85008;8638
2232;520;52077;5361
2233;4750;475028;47460
2234;1940;194029;19397
2235;1955;195567;19050
2236;1516;151601;15183
2237;2740;274038;27450
2238;5400;540013;54001
2239;2010;201017;20238
2240;1750;175030;17380
2241;7630;763047;76111
2242;2325;232540;23660
2243;1548;154807;15531
2244;500;50001;5001
2245;4760;476057;47960
2246;9900;990008;99001
2247;7350;735027;73217
2248;7040;704017;70124
2249;2530;253010;25898
2250;5225;522547;52207
2251;1504;150440;15516
2252;5460;546050;54385
2253;1850;185037;18460
2254;1534;153487;15764
2255;5455;545550;54109
2256;500;50025;5001
2257;1800;180001;18001
2258;1340;134008;13549
2259;1850;185057;18860
2260;1520;152087;15114
2261;800;80020;8001
2262;1544;154428;15185
2263;8120;812010;81220
2264;9500;950007;95001
2265;6865;686538;68689
2266;6840;684039;68679
2267;2020;202038;20750
2268;560;56047;5145
2269;9950;995008;99624
2270;530;53040;5690
2271;5430;543018;54099
2272;1940;194087;19022
2273;6840;684001;68418
2274;1546;154677;15106
2275;2510;251030;25486
2276;8560;856018;85010
2277;6825;682511;68682
2278;5410;541018;54405
2279;2330;233007;23570
2280;1105;110531;11001
2281;5455;545510;54261
2282;568;56810;5475
2283;7050;705030;70215
2284;560;56010;5368
2285;5430;543057;54518
2286;518;51817;5038
2287;520;52047;5647
2288;564;56420;5861
2289;2320;232007;23464
2290;7300;730010;73001
2291;518;51810;5038
2292;1536;153630;15835
2293;524;52468;5790
2294;6810;681001;68276
2295;1320;132001;13248
2296;5460;546010;54871
2297;4700;470008;47001
2298;524;52427;5495
2299;2040;204060;20383
2300;2700;270002;27001
2301;810;81020;8832
2302;8160;816017;81065
2303;7340;734027;73352
2304;6830;683041;68770
2305;1536;153648;15861
2306;9140;914057;91405
2307;7615;761537;76863
2308;5450;545017;54673
2309;500;50017;5001
2310;2510;251048;25772
2311;1528;152820;15690
2312;2315;231528;23672
2313;528;52818;5736
2314;2325;232528;23189
2315;2030;203007;20045
2316;518;51820;5315
2317;1810;181039;18256
2318;2000;200003;20001
2319;2520;252028;25649
2320;7320;732007;73270
2321;9520;952007;95200
2322;7315;731560;73283
2323;1810;181050;18410
2324;2350;235007;23574
2325;2315;231508;23675
2326;7030;703077;70265
2327;8610;861001;86755
2328;9720;972008;97511
2329;1935;193597;19256
2330;6640;664048;66088
2331;1110;111051;11001
2332;2532;253220;25095
2333;7340;734048;73226
2334;4120;412067;41357
2335;8540;854038;85410
2336;2760;276057;27495
2337;5265;526501;52385
2338;1850;185030;18460
2339;5240;524067;52356
2340;578;57847;5045
2341;6620;662001;66400
2342;528;52820;5604
2343;5225;522540;52207
2344;6820;682037;68468
2345;2536;253658;25862
2346;1310;131017;13838
2347;5060;506021;50270
2348;1546;154617;15632
2349;7630;763042;76111
2350;1530;153030;15761
2351;1910;191087;19300
2352;2310;231001;23500
2353;9700;970001;97001
2354;7320;732068;73055
2355;2522;252208;25535
2356;1860;186070;18610
2357;570;57038;5113
2358;7335;733510;73275
2359;1528;152840;15425
2360;7605;760529;76233
2361;2010;201001;20570
2362;1538;153807;15600
2363;2305;230538;23686
2364;800;80002;8001
2365;4140;414067;41548
2366;5030;503001;50577
2367;8160;816019;81065
2368;5240;524008;52215
2369;2514;251420;25438
2370;1900;190003;19001
2371;500;50011;5001
2372;1310;131007;13836
2373;520;52038;5887
2374;7305;730507;73547
2375;1536;153607;15367
2376;6610;661028;66682
2377;9420;942018;94883
2378;2502;250210;25260
2379;544;54450;5697
2380;8530;853018;85430
2381;7610;761001;76100
2382;1522;152257;15272
2383;5450;545030;54680
2384;5270;527038;52256
2385;6875;687508;68255
2386;1830;183019;18150
2387;558;55818;5240
2388;2350;235047;23090
2389;7625;762540;76122
2390;1820;182058;18592
2391;800;80015;8001
2392;4450;445047;44420
2393;7355;735517;73504
2394;1760;176040;17524
2395;554;55410;5360
2396;540;54040;5615
2397;1512;151220;15317
2398;6830;683001;68176
2399;1512;151280;15244
2400;6310;631001;63190
2401;1925;192531;19355
2402;2512;251218;25322
2403;5285;528539;52835
2404;570;57060;5138
2405;4720;472008;47053
2406;4410;441047;44847
2407;2330;233027;23079
2408;1542;154227;15293
2409;1810;181057;18410
2410;5470;547030;54800
2411;510;51057;5088
2412;574;57410;5172
2413;7630;763028;76834
2414;7030;703050;70429
2415;6810;681004;68276
2416;2320;232038;23670
2417;5460;546017;54871
2418;1850;185070;18785
2419;6815;681511;68207
2420;1516;151609;15183
2421;2508;250801;25183
2422;564;56460;5101
2423;4130;413027;41132
2424;1940;194001;19392
2425;5255;525527;52838
2426;564;56410;5209
2427;574;57417;5172
2428;2050;205047;20614
2429;1850;185058;18860
2430;5010;501031;50606
2431;1514;151440;15332
2432;1119;111951;11001
2433;520;52027;5134
2434;1542;154260;15469
2435;2325;232520;23189
2436;7315;731567;73283
2437;4140;414007;41306
2438;1945;194528;19701
2439;9730;973047;97777
2440;1960;196001;19318
2441;1118;111831;11001
2442;2510;251050;25736
2443;1504;150427;15763
2444;6850;685061;68377
2445;7355;735508;73504
2446;2518;251801;25178
2447;7350;735050;73067
2448;6630;663008;66687
2449;1905;190588;19780
2450;1770;177027;17877
2451;1550;155048;15681
2452;2320;232010;23168
2453;2534;253467;25148
2454;6825;682507;68464
2455;5465;546517;54344
2456;5050;505021;50350
2457;1770;177067;17616
2458;1945;194527;19701
2459;2050;205007;20295
2460;1112;111211;11001
2461;2534;253480;25572
2462;544;54447;5197
2463;5200;520018;52001
2464;1700;170006;17001
2465;554;55437;5607
2466;5205;520507;52110
2467;830;83060;8685
2468;5215;521528;52399
2469;1108;110851;11001
2470;574;57450;5284
2471;530;53047;5690
2472;6870;687032;68081
2473;2504;250401;25200
2474;1315;131527;13620
2475;7635;763560;76275
2476;5270;527037;52256
2477;2530;253017;25898
2478;7610;761007;76100
2479;1935;193520;19807
2480;1534;153427;15621
2481;1325;132501;13212
2482;568;56828;5873
2483;544;54417;5313
2484;2512;251220;25372
2485;7610;761020;76828
2486;6805;680517;68132
2487;2320;232030;23670
2488;5215;521549;52687
2489;4780;478037;47980
2490;1860;186050;18205
2491;6830;683038;68298
2492;6850;685009;68101
2493;7620;762040;76020
2494;2325;232548;23660
2495;2504;250457;25224
2496;7330;733047;73624
2497;2335;233507;23350
2498;5275;527567;52490
2499;7635;763568;76275
2500;6800;680008;68001
2501;2040;204027;20787
2502;1780;178040;17614
2503;8800;880027;88564
2504;2538;253820;25823
2505;1516;151640;15757
2506;7600;760002;76001
2507;1810;181010;18247
2508;7355;735501;73504
2509;6870;687007;68655
2510;2320;232058;23182
2511;5445;544570;54660
2512;1502;150268;15814
2513;1930;193009;19585
2514;1305;130517;13222
2515;510;51053;5088
2516;7340;734001;73449
2517;4170;417067;41530
2518;1730;173028;17433
2519;5400;540010;54001
2520;4150;415007;41797
2521;1910;191009;19110
2522;7020;702050;70235
2523;9440;944059;94663
2524;4170;417088;41006
2525;2320;232057;23182
2526;2720;272047;27135
2527;578;57828;5051
2528;2300;230003;23001
2529;4120;412027;41676
2530;2335;233539;23068
2531;7325;732501;73124
2532;1850;185018;18479
2533;5285;528567;52520
2534;538;53837;5667
2535;8100;810008;81001
2536;830;83003;8758
2537;1522;152280;15491
2538;2518;251807;25178
2539;6835;683561;68745
2540;1320;132018;13657
2541;1700;170004;17001
2542;5260;526020;52565
2543;4150;415077;41396
2544;534;53437;5585
2545;1522;152267;15806
2546;4400;440002;44001
2547;9910;991039;99773
2548;578;57877;5490
2549;1504;150449;15516
2550;5050;505047;50370
2551;5020;502058;50568
2552;8550;855037;85440
2553;1524;152467;15542
2554;1508;150880;15774
2555;1510;151067;15097
2556;2526;252647;25035
2557;7070;707018;70713
2558;1540;154060;15224
2559;7315;731527;73152
2560;1955;195501;19532
2561;7315;731540;73347
2562;2534;253448;25320
2563;5235;523508;52788
2564;7350;735077;73555
2565;8620;862040;86757
2566;2528;252817;25368
2567;6600;660005;66001
2568;1542;154240;15696
2569;510;51048;5212
2570;1960;196068;19418
2571;2518;251820;25151
2572;5285;528527;52835
2573;1504;150401;15837
2574;2510;251060;25326
2575;7635;763547;76520
2576;7070;707050;70823
2577;560;56077;5091
2578;568;56858;5044
2579;2524;252432;25307
2580;7630;763027;76834
2581;2540;254050;25653
2582;9110;911010;91540
2583;4780;478008;47189
2584;9510;951001;95025
2585;6845;684537;68020
2586;1534;153408;15599
2587;1720;172008;17653
2588;1536;153649;15861
2589;1315;131501;13760
2590;6840;684067;68895
2591;574;57437;5234
2592;1522;152288;15491
2593;830;83010;8758
2594;8540;854039;85410
2595;574;57428;5480
2596;1830;183017;18150
2597;2700;270009;27001
2598;1820;182019;18753
2599;1310;131027;13052
2600;518;51827;5315
2601;2510;251008;25758
2602;550;55067;5390
2603;538;53847;5321
2604;6825;682571;68855
2605;7335;733577;73671
2606;6830;683011;68322
2607;1526;152620;15514
2608;9900;990007;99001
2609;8620;862060;86568
2610;6825;682519;68502
2611;7345;734508;73585
2612;5210;521050;52019
2613;1310;131010;13838
2614;1114;111411;11001
2615;4770;477040;47675
2616;1300;130005;13001
2617;1522;152260;15806
2618;524;52450;5120
2619;2040;204007;20517
2620;1111;111111;11001
2621;2325;232538;23189
2622;2502;250228;25769
2623;1546;154648;15176
2624;1540;154007;15407
2625;8500;850009;85001
2626;1740;174030;17867
2627;2315;231527;23672
2628;7600;760050;76001
2629;6340;634027;63594
2630;5070;507057;50318
2631;5020;502009;50573
2632;6820;682057;68051
2633;5040;504028;50287
2634;510;51051;5088
2635;4180;418027;41660
2636;2305;230557;23162
2637;5445;544578;54660
2638;7355;735587;73616
2639;2770;277018;27615
2640;2506;250647;25745
2641;2030;203027;20400
2642;1315;131567;13062
2643;2518;251860;25339
2644;7610;761040;76890
2645;6610;661002;66170
2646;4700;470007;47001
2647;5480;548037;54553
2648;1905;190537;19548
2649;500;50005;5001
2650;1940;194060;19785
2651;1945;194557;19533
2652;520;52010;5854
2653;2050;205057;20770
2654;2780;278017;27006
2655;2526;252660;25878
2656;7300;730017;73001
2657;2700;270001;27001
2658;5470;547059;54206
2659;2340;234037;23580
2660;5275;527587;52473
2661;1110;111071;11001
2662;1905;190580;19780
2663;1910;191001;19110
2664;5285;528528;52835
2665;1925;192548;19355
2666;7330;733007;73678
2667;6825;682529;68502
2668;578;57860;5837
2669;1300;130003;13001
2670;2526;252608;25386
2671;4160;416080;41770
2672;2325;232509;23678
2673;5445;544529;54223
2674;1335;133508;13030
2675;7635;763507;76318
2676;1552;155209;15572
2677;500;50026;5001
2678;530;53027;5890
2679;578;57841;5045
2680;1111;111171;11001
2681;538;53827;5021
2682;6820;682018;68432
2683;1546;154670;15106
2684;2540;254037;25871
2685;1108;110861;11001
2686;2522;252237;25805
2687;830;83001;8758
2688;7335;733501;73200
2689;548;54840;5483
2690;2524;252437;25307
2691;6835;683511;68549
2692;4720;472001;47053
2693;1530;153060;15778
2694;6860;686041;68190
2695;6870;687067;68575
2696;1950;195068;19450
2697;5440;544077;54480
2698;1760;176027;17174
2699;5250;525007;52227
2700;5210;521028;52378
2701;528;52827;5604
2702;1810;181038;18256
2703;4410;441017;44560
2704;1106;110611;11001
2705;1920;192047;19137
2706;6640;664028;66456
2707;8510;851037;85315
2708;6860;686057;68190
2709;7635;763532;76520
2710;1524;152420;15047
2711;1514;151401;15180
2712;840;84080;8675
2713;9520;952008;95200
2714;1526;152660;15455
2715;6865;686507;68092
2716;7635;763579;76130
2717;5200;520017;52001
2718;2512;251260;25839
2719;1720;172028;17013
2720;7605;760508;76892
2721;2020;202050;20013
2722;7615;761557;76622
2723;1910;191078;19142
2724;5440;544010;54125
2725;1325;132507;13212
2726;2540;254047;25518
2727;7060;706057;70221
2728;550;55028;5400
2729;2518;251827;25151
2730;548;54810;5652
2731;1910;191049;19698
2732;5280;528068;52079
2733;578;57869;5837
2734;1800;180007;18001
2735;560;56067;5034
2736;1905;190550;19473
2737;1340;134067;13655
2738;1710;171007;17486
2739;1840;184018;18756
2740;1522;152287;15491
2741;558;55820;5347
2742;550;55078;5282
2743;7030;703017;70678
2744;1910;191008;19110
2745;570;57058;5042
2746;7300;730008;73001
2747;4780;478040;47570
2748;1524;152407;15518
2749;2740;274019;27361
2750;6815;681537;68425
2751;8120;812019;81220
2752;5275;527569;52490
2753;1850;185038;18460
2754;1920;192079;19743
2755;830;83004;8758
2756;6630;663018;66572
2757;1522;152207;15466
2758;4180;418068;41668
2759;1900;190008;19001
2760;560;56020;5789
2761;1107;110711;11001
2762;6630;663011;66572
2763;1504;150407;15837
2764;4420;442007;44430
2765;1522;152230;15226
2766;7625;762510;76403
2767;560;56057;5364
2768;5220;522020;52480
2769;1508;150801;15723
2770;1546;154687;15832
2771;1925;192537;19355
2772;6810;681037;68705
2773;6815;681529;68152
2774;6865;686501;68092
2775;5285;528568;52520
2776;7635;763518;76306
2777;6865;686547;68689
2778;2330;233008;23570
2779;7310;731048;73411
2780;6820;682047;68229
2781;2760;276058;27495
2782;4440;444038;44650
2783;5440;544050;54743
2784;1526;152680;15897
2785;6320;632080;63302
2786;1925;192570;19824
2787;2020;202058;20013
2788;2315;231501;23675
2789;5255;525537;52838
2790;6845;684521;68572
2791;524;52460;5790
2792;1770;177007;17088
2793;5245;524507;52323
2794;8550;855017;85162
2795;6855;685569;68861
2796;1530;153001;15236
2797;2310;231028;23417
2798;6845;684551;68368
2799;1544;154440;15686
2800;7345;734520;73563
2801;6830;683039;68298
2802;2300;230029;23001
2803;2500;250053;25754
2804;2528;252827;25324
2805;2780;278030;27800
2806;1310;131008;13836
2807;1800;180009;18001
2808;1700;170007;17001
2809;5410;541010;54405
2810;1518;151840;15377
2811;2720;272010;27050
2812;6875;687542;68307
2813;2010;201007;20570
2814;7600;760040;76001
2815;1111;111166;11001
2816;4780;478029;47980
2817;5000;500002;50001
2818;4750;475001;47660
2819;4110;411047;41799
2820;7305;730567;73686
2821;1920;192070;19743
2822;5210;521027;52378
2823;550;55037;5002
2824;4740;474068;47703
2825;6865;686577;68235
2826;8620;862001;86320
2827;5445;544577;54660
2828;1915;191520;19455
2829;7335;733588;73770
2830;9100;910001;91001
2831;1340;134060;13655
2832;1522;152219;15759
2833;1538;153820;15676
2834;4450;445001;44874
2835;9710;971008;97889
2836;7640;764008;76364
2837;830;83021;8433
2838;1105;110541;11001
2839;4120;412040;41801
2840;5210;521047;52693
2841;2512;251237;25297
2842;5050;505028;50350
2843;5070;507017;50006
2844;2526;252617;25797
2845;1810;181067;18410
2846;2750;275017;27430
2847;5455;545558;54109
2848;6830;683027;68500
2849;7345;734527;73563
2850;4130;413060;41349
2851;1340;134001;13549
2852;9400;940017;94001
2853;1905;190559;19473
2854;1710;171040;17050
2855;9500;950008;95001
2856;4730;473040;47245
2857;528;52828;5604
2858;6815;681538;68425
2859;5275;527568;52490
2860;850;85009;8638
2861;5030;503037;50325
2862;6875;687558;68307
2863;9900;990018;99001
2864;5230;523040;52506
2865;5445;544517;54239
2866;1935;193527;19807
2867;4110;411020;41872
2868;6835;683551;68755
2869;4180;418008;41503
2870;528;52817;5736
2871;6875;687549;68307
2872;1526;152607;15660
2873;564;56478;5642
2874;1350;135020;13744
2875;1925;192577;19824
2876;7635;763533;76520
2877;4120;412068;41357
2878;9910;991008;99773
2879;7615;761527;76823
2880;7355;735530;73675
2881;9520;952009;95200
2882;4760;476008;47258
2883;6320;632067;63548
2884;1108;110821;11001
2885;7335;733557;73319
2886;4730;473020;47318
2887;810;81067;8549
2888;7340;734047;73226
2889;1350;135047;13670
2890;4440;444017;44279
2891;2514;251427;25438
2892;1905;190557;19473
2893;1945;194520;19701
2894;2500;250007;25175
2895;8510;851058;85400
2896;8510;851017;85136
2897;6815;681517;68207
2898;500;50034;5001
2899;1710;171028;17272
2900;1310;131001;13836
2901;7600;760015;76001
2902;7605;760540;76606
2903;5040;504041;50683
2904;7355;735589;73616
2905;1510;151060;15097
2906;2730;273070;27660
2907;1536;153617;15104
2908;8100;810001;81001
2909;7645;764507;76109
2910;2500;250008;25175
2911;1520;152067;15215
2912;1920;192029;19364
2913;5255;525508;52320
2914;520;52070;5361
2915;4160;416027;41026
2916;2720;272018;27050
2917;6630;663001;66687
2918;1538;153808;15600
2919;6320;632047;63111
2920;810;81048;8372
2921;7335;733549;73319
2922;6620;662037;66383
2923;6600;660009;66001
2924;1520;152007;15464
2925;5240;524061;52356
2926;6875;687547;68307
2927;5270;527008;52540
2928;2320;232027;23815
2929;540;54047;5615
2930;8500;850002;85001
2931;1335;133507;13030
2932;9910;991017;99773
2933;1526;152617;15090
2934;1502;150227;15500
2935;524;52467;5790
2936;4110;411040;41799
2937;7320;732048;73349
2938;4760;476048;47541
2939;1335;133558;13268
2940;2512;251268;25839
2941;7605;760530;76126
2942;1945;194507;19693
2943;8620;862087;86569
2944;2540;254057;25653
2945;9910;991027;99773
2946;6845;684531;68020
2947;2536;253640;25398
2948;6825;682539;68217
2949;524;52417;5154
2950;7340;734028;73352
2951;810;81008;8573
2952;1502;150201;15204
2953;7615;761567;76250
2954;6825;682567;68498
2955;7600;760013;76001
2956;9420;942017;94883
2957;1516;151628;15755
2958;4410;441020;44847
2959;540;54027;5440
2960;6815;681528;68152
2961;2740;274030;27450
2962;1850;185010;18479
2963;1950;195069;19450
2964;1335;133557;13268
2965;1920;192028;19364
2966;2530;253001;25099
2967;8150;815010;81736
2968;5245;524588;52317
2969;5220;522040;52381
2970;2526;252620;25645
2971;1730;173048;17444
2972;1504;150477;15238
2973;7605;760528;76233
2974;1510;151001;15753
2975;2518;251840;25594
2976;1524;152440;15822
2977;5200;520001;52001
2978;1915;191560;19212
2979;500;50002;5001
2980;1955;195530;19075
2981;6800;680011;68001
2982;4180;418020;41660
2983;2512;251257;25293
2984;1730;173040;17444
2985;2506;250627;25288
2986;4170;417001;41244
2987;7335;733548;73319
2988;1101;110131;11001
2989;528;52840;5031
2990;5285;528537;52835
2991;9440;944010;94343
2992;5215;521527;52399
2993;4130;413047;41020
2994;1500;150007;15001
2995;6320;632087;63302
2996;9920;992050;99624
2997;8610;861008;86755
2998;1780;178028;17777
2999;1544;154401;15816
3000;5470;547038;54800
3001;2310;231037;23417
3002;1925;192501;19517
3003;1905;190587;19780
3004;5430;543058;54518
3005;7600;760007;76001
3006;7615;761550;76622
3007;1320;132037;13654
3008;7000;700017;70001
3009;7345;734501;73585
3010;554;55467;5380
3011;6820;682067;68160
3012;7315;731547;73347
3013;1850;185050;18860
3014;1119;111981;11001
3015;6850;685021;68250
3016;2050;205030;20310
3017;524;52440;5895
3018;7615;761548;76400
3019;5050;505027;50350
3020;8620;862008;86320
3021;544;54427;5649
3022;1504;150420;15763
3023;1935;193587;19256
3024;524;52420;5495
3025;5280;528060;52079
3026;1820;182018;18753
3027;578;57870;5490
3028;7605;760548;76606
3029;830;83007;8758
3030;2530;253037;25596
3031;554;55413;5360
3032;9720;972040;97666
3033;2330;233009;23570
3034;1305;130537;13873
3035;7620;762030;76845
3036;6865;686561;68235
3037;4180;418060;41668
3038;5275;527501;52696
3039;1305;130507;13673
3040;5240;524001;52215
3041;1340;134028;13006
3042;8530;853037;85325
3043;5430;543017;54099
3044;2750;275018;27430
3045;6870;687033;68081
3046;5280;528017;52427
3047;1820;182057;18592
3048;1119;111931;11001
3049;5000;500008;50001
3050;4170;417087;41006
3051;5225;522548;52207
3052;5410;541050;54599
3053;2315;231509;23675
3054;1940;194020;19397
3055;1345;134520;13042
3056;6820;682007;68669
3057;7635;763577;76130
3058;5280;528030;52621
3059;2502;250207;25799
3060;7600;760043;76001
3061;7600;760022;76001
3062;1955;195560;19050
3063;2500;250027;25286
3064;4410;441038;44847
3065;1510;151040;15218
3066;1516;151607;15183
3067;1325;132512;13430
3068;2710;271058;27073
3069;5245;524560;52224
3070;8160;816010;81065
3071;1345;134507;13600
3072;1915;191527;19455
3073;2780;278058;27615
3074;514;51420;5086
3075;4450;445008;44874
3076;5070;507029;50689
3077;9500;950009;95001
3078;9910;991018;99773
3079;7605;760502;76892
3080;2532;253247;25168
3081;6800;680005;68001
3082;554;55417;5360
3083;2534;253430;25851
3084;8520;852017;85125
3085;2526;252637;25245
3086;9110;911030;91798
3087;2520;252047;25120
3088;6835;683577;68745
3089;1860;186078;18610
3090;1820;182050;18592
3091;1550;155068;15507
3092;7320;732067;73055
3093;5270;527009;52540
3094;560;56030;5856
3095;6840;684068;68895
3096;558;55810;5240
3097;830;83047;8634
3098;7630;763010;76036
3099;8610;861080;86885
3100;570;57047;5306
3101;5400;540017;54001
3102;5275;527537;52250
3103;7020;702030;70110
3104;1770;177080;17042
3105;8520;852057;85263
3106;518;51840;5150
3107;4170;417077;41006
3108;7635;763510;76306
3109;1542;154247;15696
3110;5010;501037;50606
3111;1335;133501;13030
3112;7600;760033;76001
3113;2305;230528;23686
3114;2730;273017;27580
3115;6310;631007;63190
3116;2050;205058;20770
3117;4770;477058;47551
3118;554;55468;5380
3119;6600;660003;66001
3120;1516;151620;15755
3121;558;55857;5809
3122;5465;546558;54498
3123;2538;253801;25394
3124;1536;153601;15367
3125;9100;910007;91001
3126;2050;205070;20710
3127;6810;681021;68705
3128;2528;252807;25580
3129;4410;441049;44847
3130;578;57850;5147
3131;2345;234530;23855
3132;1330;133027;13440
3133;1325;132550;13188
3134;5225;522507;52411
3135;7030;703057;70429
3136;1320;132007;13248
3137;1325;132517;13430
3138;8800;880020;88564
3139;7610;761027;76828
3140;560;56068;5034
3141;5070;507027;50689
3142;6870;687031;68081
3143;1770;177001;17088
3144;1945;194550;19533
3145;2504;250427;25154
3146;2526;252650;25599
3147;4780;478002;47189
3148;1305;130508;13673
3149;7630;763022;76834
3150;1500;150003;15001
3151;6640;664018;66318
3152;7635;763531;76520
3153;5200;520006;52001
3154;2050;205048;20614
3155;558;55850;5809
3156;2524;252407;25488
3157;1544;154467;15664
3158;1540;154067;15224
3159;1720;172067;17388
3160;810;81060;8549
3161;2710;271010;27245
3162;7600;760045;76001
3163;5470;547079;54245
3164;4100;410004;41001
3165;2325;232517;23678
3166;1330;133001;13650
3167;520;52040;5647
3168;548;54837;5055
3169;7305;730548;73043
3170;4180;418048;41359
3171;500;50027;5001
3172;544;54457;5697
3173;5255;525577;52699
3174;1730;173068;17541
3175;2522;252230;25805
3176;7315;731548;73347
3177;5070;507001;50006
3178;500;50028;5001
3179;2530;253058;25269
3180;8540;854030;85410
3181;6845;684557;68368
3182;8140;814058;81300
3183;2522;252250;25312
3184;6610;661020;66682
3185;4770;477020;47605
3186;7605;760501;76892
3187;5215;521529;52399
3188;7630;763023;76834
3189;1925;192509;19517
3190;1760;176020;17174
3191;1550;155007;15401
3192;1502;150208;15204
3193;7355;735568;73168
3194;6850;685067;68377
3195;5020;502001;50573
3196;2528;252857;25001
3197;9910;991058;99773
3198;5205;520539;52258
3199;7630;763041;76111
3200;7310;731027;73408
3201;8100;810007;81001
3202;840;84007;8560
3203;8620;862028;86865
3204;2502;250237;25785
3205;8560;856057;85279
3206;5040;504008;50313
3207;568;56857;5044
3208;6810;681012;68547
3209;1106;110621;11001
3210;1300;130006;13001
3211;574;57430;5234
3212;4430;443009;44035
3213;520;52057;5819
3214;6855;685557;68179
3215;2540;254001;25513
3216;538;53840;5321
3217;4110;411008;41016
3218;5260;526049;52678
3219;1905;190597;19780
3220;4770;477057;47551
3221;2305;230501;23300
3222;544;54437;5660
3223;4760;476050;47960
3224;5275;527588;52473
3225;1530;153040;15325
3226;1925;192507;19517
3227;1925;192517;19517
3228;1860;186018;18094
3229;6840;684027;68872
3230;7330;733020;73854
3231;2020;202057;20013
3232;7330;733027;73854
3233;7350;735020;73217
3234;2504;250408;25200
3235;1330;133048;13300
3236;1770;177068;17616
3237;514;51467;5411
3238;5050;505001;50330
3239;2310;231039;23417
3240;7305;730547;73043
3241;5250;525060;52435
3242;518;51867;5686
3243;7635;763508;76318
3244;1111;111141;11001
3245;7635;763570;76130
3246;8640;864009;86573
3247;6820;682027;68684
3248;5010;501011;50124
3249;2536;253630;25489
3250;1335;133560;13580
3251;7305;730560;73686
3252;1935;193529;19807
3253;5230;523001;52885
3254;1750;175038;17380
3255;1325;132568;13468
3256;4760;476030;47205
3257;4120;412001;41524
3258;500;50042;5001
3259;558;55830;5036
3260;8620;862068;86568
3261;510;51047;5212
3262;9910;991029;99773
3263;5430;543038;54520
3264;5230;523047;52506
3265;4160;416020;41026
3266;550;55060;5390
3267;800;80005;8001
3268;7305;730540;73043
3269;4130;413020;41132
3270;7600;760021;76001
3271;2536;253617;25402
3272;4430;443001;44035
3273;6850;685049;68773
3274;538;53850;5541
3275;2000;200004;20001
3276;5225;522508;52411
3277;6830;683047;68770
3278;5400;540006;54001
3279;4700;470003;47001
3280;6820;682011;68432
3281;6310;631008;63190
3282;6340;634020;63594
3283;2512;251207;25377
3284;1320;132017;13657
3285;1740;174038;17867
3286;1315;131560;13062
3287;500;50003;5001
3288;4410;441029;44847
3289;4780;478047;47570
3290;800;80003;8001
3291;6840;684008;68418
3292;5060;506008;50223
3293;2305;230527;23686
3294;6330;633008;63470
3295;510;51010;5664
3296;5260;526058;52678
3297;9730;973001;97161
3298;6840;684038;68679
3299;5050;505041;50370
3300;1340;134007;13549
3301;1960;196007;19318
3302;2516;251601;25841
3303;4700;470005;47001
3304;8620;862067;86568
3305;2000;200018;20001
3306;2350;235001;23574
3307;4120;412007;41524
3308;1940;194038;19397
3309;1118;111841;11001
3310;1546;154607;15632
3311;9920;992008;99524
3312;4410;441037;44847
3313;5275;527560;52490
3314;7355;735580;73616
3315;5465;546530;54398
3316;8140;814018;81794
3317;5215;521508;52694
3318;9730;973007;97161
3319;4100;410002;41001
3320;7600;760008;76001
3321;1830;183027;18150
3322;5420;542057;54377
3323;7635;763539;76520
3324;7315;731520;73152
3325;6810;681008;68276
3326;4700;470001;47001
3327;1950;195007;19100
3328;1518;151847;15377
3329;1532;153210;15511
3330;2534;253417;25875
3331;1105;110521;11001
3332;5445;544550;54051
3333;8520;852010;85125
3334;6870;687037;68081
3335;6855;685511;68397
3336;2534;253418;25875
3337;4730;473028;47318
3338;5230;523027;52354
3339;1526;152687;15897
3340;9160;916058;91460
3341;6840;684048;68079
3342;2534;253487;25572
3343;4740;474001;47720
3344;564;56457;5353
3345;2502;250258;25899
3346;2506;250610;25317
3347;2010;201047;20032
3348;550;55047;5467
3349;1544;154420;15185
3350;800;80007;8001
3351;2300;230001;23001
3352;4740;474027;47707
3353;1310;131048;13433
3354;5020;502057;50568
3355;5410;541077;54172
3356;5400;540018;54001
3357;6875;687541;68307
3358;2325;232549;23660
3359;1335;133517;13074
3360;9950;995009;99624
3361;1103;110321;11001
3362;1320;132010;13657
3363;2330;233047;23555
3364;2000;200005;20001
3365;554;55447;5129
3366;2526;252601;25386
3367;560;56060;5034
3368;1770;177088;17042
3369;9510;951009;95025
3370;5220;522001;52240
3371;2330;233057;23555
3372;4150;415068;41396
3373;570;57027;5628
3374;4130;413007;41615
3375;1820;182059;18592
3376;2536;253657;25862
3377;8640;864001;86573
3378;7315;731508;73870
3379;510;51050;5088
3380;1920;192087;19743
3381;4760;476060;47170
3382;1730;173069;17541
3383;1830;183018;18150
3384;1508;150860;15403
3385;5020;502007;50573
3386;530;53030;5670
3387;5205;520578;52051
3388;7605;760537;76126
3389;2325;232501;23678
3390;2050;205059;20770
3391;568;56827;5873
3392;1325;132508;13212
3393;1530;153027;15022
3394;7060;706050;70221
3395;5020;502059;50568
3396;1305;130520;13683
3397;560;56028;5789
3398;1740;174009;17662
3399;1960;196067;19418
3400;830;83067;8685
3401;5070;507011;50680
3402;8120;812018;81220
3403;1508;150847;15368
3404;4150;415088;41378
3405;7010;701058;70418
3406;5440;544038;54174
3407;7335;733528;73268
3408;1536;153610;15104
3409;2300;230004;23001
3410;7605;760520;76233
3411;2502;250201;25799
3412;1530;153007;15236
3413;2740;274057;27745
3414;1540;154020;15232
3415;2500;250038;25430
3416;830;83002;8758
3417;7310;731020;73408
3418;2020;202001;20443
3419;5215;521568;52786
3420;4740;474047;47545
3421;7615;761560;76250
3422;1528;152827;15690
3423;5280;528038;52621
3424;7335;733597;73148
3425;9430;943017;94887
3426;1524;152460;15542
3427;800;80013;8001
3428;4160;416089;41770
3429;8520;852018;85125
3430;6840;684009;68418
3431;6825;682558;68167
3432;5450;545057;54313
3433;1925;192538;19355
3434;9530;953017;95015
3435;6800;680006;68001
3436;7625;762528;76895
3437;1915;191547;19513
3438;578;57838;5665
3439;830;83028;8433
3440;578;57810;5659
3441;7300;730007;73001
3442;5235;523520;52287
3443;4170;417047;41551
3444;5230;523028;52354
3445;5030;503028;50325
3446;5245;524501;52323
3447;1504;150428;15763
3448;8620;862007;86320
3449;1502;150240;15187
3450;1508;150867;15403
3451;2500;250070;25740
3452;7600;760012;76001
3453;7615;761547;76400
3454;510;51017;5664
3455;5215;521567;52786
3456;9440;944017;94343
3457;2512;251238;25297
3458;1536;153640;15861
3459;6805;680551;68169
3460;5060;506067;50400
3461;4750;475050;47798
3462;2010;201008;20570
3463;1546;154680;15832
3464;5205;520508;52110
3465;2516;251640;25279
3466;5215;521507;52694
3467;5285;528529;52835
3468;6845;684501;68324
3469;6825;682521;68502
3470;1528;152801;15667
3471;9910;991028;99773
3472;9130;913018;91263
3473;6825;682501;68464
3474;6310;631027;63690
3475;1522;152201;15466
3476;554;55448;5129
3477;6840;684047;68079
3478;1552;155207;15572
3479;6860;686048;68190
3480;7645;764502;76109
3481;4160;416040;41319
3482;534;53448;5591
3483;7335;733570;73671
3484;2510;251037;25486
3485;9510;951017;95025
3486;7615;761507;76246
3487;554;55412;5360
3488;1520;152040;15820
3489;2760;276010;27372
3490;2720;272030;27810
3491;1750;175031;17380
3492;548;54820;5756
3493;1820;182010;18753
3494;2530;253048;25040
3495;2532;253267;25086
3496;6610;661008;66170
3497;5280;528001;52427
3498;6805;680557;68169
3499;6850;685027;68250
3500;524;52457;5120
3501;2526;252668;25878
3502;2300;230008;23001
3503;2502;250208;25799
3504;2345;234509;23807
3505;6810;681047;68318
3506;2760;276017;27372
3507;2305;230559;23162
3508;2500;250040;25473
3509;1760;176008;17873
3510;1935;193528;19807
3511;1550;155040;15681
3512;7645;764508;76109
3513;840;84020;8141
3514;5285;528501;52835
3515;6805;680548;68820
3516;7320;732008;73270
3517;1935;193501;19760
3518;550;55058;5679
3519;2536;253648;25398
3520;8510;851050;85400
3521;2520;252017;25524
3522;1330;133008;13650
3523;4730;473007;47692
3524;1935;193558;19622
3525;7600;760025;76001
3526;4170;417048;41551
3527;2710;271077;27787
3528;7600;760032;76001
3529;5275;527528;52250
3530;1915;191507;19573
3531;1955;195509;19532
3532;9530;953001;95015
3533;2500;250001;25175
3534;560;56050;5364
3535;2315;231547;23586
3536;6810;681011;68547
3537;524;52430;5250
3538;7600;760046;76001
3539;2050;205018;20011
3540;8530;853050;85230
3541;5000;500009;50001
3542;564;56450;5353
3543;2340;234008;23466
3544;4730;473008;47692
3545;1534;153480;15764
3546;8130;813018;81591
3547;4780;478028;47980
3548;9100;910008;91001
3549;2310;231008;23500
3550;1300;130004;13001
3551;2520;252027;25649
3552;5010;501051;50686
3553;568;56868;5093
3554;560;56070;5091
3555;1900;190007;19001
3556;820;82060;8849
3557;524;52410;5154
3558;5445;544510;54239
3559;5285;528503;52835
3560;2710;271070;27787
3561;578;57830;5665
3562;520;52078;5361
3563;2340;234017;23682
3564;2710;271057;27073
3565;800;80014;8001
3566;4100;410018;41001
3567;9170;917018;91407
3568;8600;860007;86001
3569;5275;527507;52696
3570;830;83006;8758
3571;4110;411067;41078
3572;5235;523528;52287
3573;5480;548018;54810
3574;1310;131047;13433
3575;7335;733580;73770
3576;1710;171027;17272
3577;4770;477007;47745
3578;1108;110831;11001
3579;2050;205077;20710
3580;1500;150001;15001
3581;5070;507009;50006
3582;540;54037;5148
3583;9910;991037;99773
3584;7645;764501;76109
3585;6825;682561;68498
3586;2020;202007;20443
3587;6640;664010;66318
3588;1720;172020;17013
3589;7615;761508;76246
3590;2770;277057;27099
3591;500;50035;5001
3592;1528;152860;15299
3593;2510;251017;25817
3594;1102;110211;11001
3595;6835;683518;68549
3596;7635;763528;76248
3597;5260;526048;52678
3598;9530;953018;95015
3599;4410;441028;44847
3600;1548;154880;15480
3601;1910;191070;19142
3602;4770;477027;47605
3603;4700;470006;47001
3604;548;54830;5055
3605;7335;733590;73148
3606;2528;252837;25483
3607;1350;135001;13688
3608;2050;205001;20295
3609;8560;856037;85015
3610;7630;763030;76670
3611;528;52830;5858
3612;2532;253210;25328
3613;544;54420;5649
3614;9530;953008;95015
3615;2538;253848;25885
3616;2512;251250;25293
3617;548;54829;5756
3618;1730;173027;17433
3619;5255;525578;52699
3620;1780;178027;17777
3621;9120;912017;91536
3622;4760;476001;47258
3623;8620;862027;86865
3624;1810;181018;18247
3625;514;51457;5501
3626;7630;763007;76113
3627;2508;250808;25183
3628;570;57057;5042
3629;1548;154848;15109
3630;5240;524068;52356
3631;1512;151227;15317
3632;8600;860008;86001
3633;9900;990017;99001
3634;6830;683067;68245
3635;8150;815018;81736
3636;2510;251007;25758
3637;7625;762507;76497
3638;5245;524580;52317
3639;2700;270008;27001
3640;548;54818;5652
3641;1512;151207;15673
3642;1810;181030;18256
3643;1800;180008;18001
3644;5230;523020;52354
3645;2508;250807;25183
3646;1810;181019;18247
3647;510;51077;5656
3648;7615;761510;76054
3649;1526;152610;15090
3650;514;51440;5761
3651;5030;503047;50450
3652;554;55428;5266
3653;2502;250230;25785
3654;7630;763017;76036
3655;1850;185078;18785
3656;1534;153401;15599
3657;578;57867;5837
3658;820;82028;8078
3659;4170;417017;41807
3660;2508;250817;25873
3661;1955;195537;19075
3662;530;53057;5190
3663;1310;131060;13442
3664;6845;684547;68271
3665;1300;130010;13001
3666;1548;154867;15212
3667;564;56437;5792
3668;510;51040;5212
3669;1345;134540;13473
3670;2518;251867;25339
3671;2320;232018;23168
3672;8530;853019;85430
3673;6855;685537;68673
3674;1540;154027;15232
3675;5280;528077;52079
3676;1101;110141;11001
3677;1550;155020;15580
3678;6805;680511;68132
3679;4740;474060;47703
3680;4170;417010;41807
3681;4130;413048;41020
